element,atomic_number,bse_name,cp2k_aliases,kind,q,core_electrons,potential_alias
H,1,TZV2P-MOLOPT-UZH-PBE-GTH-q1,TZV2P-MOLOPT-PBE-GTH-q1 | TZV2P-MOLOPT-GGA-GTH-q1,GTH,1,0,GTH-PBE-q1
H,1,TZVP-MOLOPT-UZH-PBE-GTH-q1,TZVP-MOLOPT-PBE-GTH-q1 | TZVP-MOLOPT-GGA-GTH-q1,GTH,1,0,GTH-PBE-q1
H,1,DZVP-MOLOPT-UZH-PBE-GTH-q1,DZVP-MOLOPT-PBE-GTH-q1 | DZVP-MOLOPT-GGA-GTH-q1,GTH,1,0,GTH-PBE-q1
He,2,TZV2P-MOLOPT-UZH-PBE-GTH-q2,TZV2P-MOLOPT-PBE-GTH-q2 | TZV2P-MOLOPT-GGA-GTH-q2,GTH,2,0,GTH-PBE-q2
He,2,TZVP-MOLOPT-UZH-PBE-GTH-q2,TZVP-MOLOPT-PBE-GTH-q2 | TZVP-MOLOPT-GGA-GTH-q2,GTH,2,0,GTH-PBE-q2
He,2,DZVP-MOLOPT-UZH-PBE-GTH-q2,DZVP-MOLOPT-PBE-GTH-q2 | DZVP-MOLOPT-GGA-GTH-q2,GTH,2,0,GTH-PBE-q2
Li,3,TZV2P-MOLOPT-UZH-PBE-GTH-q1,TZV2P-MOLOPT-PBE-GTH-q1 | TZV2P-MOLOPT-GGA-GTH-q1,GTH,1,2,GTH-PBE-q1
Li,3,TZVP-MOLOPT-UZH-PBE-GTH-q1,TZVP-MOLOPT-PBE-GTH-q1 | TZVP-MOLOPT-GGA-GTH-q1,GTH,1,2,GTH-PBE-q1
Li,3,DZVP-MOLOPT-UZH-PBE-GTH-q1,DZVP-MOLOPT-PBE-GTH-q1 | DZVP-MOLOPT-GGA-GTH-q1,GTH,1,2,GTH-PBE-q1
Li,3,TZV2P-MOLOPT-UZH-PBE-GTH-q3,TZV2P-MOLOPT-PBE-GTH-q3 | TZV2P-MOLOPT-GGA-GTH-q3,GTH,3,0,GTH-PBE-q3
Li,3,TZVP-MOLOPT-UZH-PBE-GTH-q3,TZVP-MOLOPT-PBE-GTH-q3 | TZVP-MOLOPT-GGA-GTH-q3,GTH,3,0,GTH-PBE-q3
Li,3,DZVP-MOLOPT-UZH-PBE-GTH-q3,DZVP-MOLOPT-PBE-GTH-q3 | DZVP-MOLOPT-GGA-GTH-q3,GTH,3,0,GTH-PBE-q3
Be,4,TZV2P-MOLOPT-UZH-PBE-GTH-q2,TZV2P-MOLOPT-PBE-GTH-q2 | TZV2P-MOLOPT-GGA-GTH-q2,GTH,2,2,GTH-PBE-q2
Be,4,TZVP-MOLOPT-UZH-PBE-GTH-q2,TZVP-MOLOPT-PBE-GTH-q2 | TZVP-MOLOPT-GGA-GTH-q2,GTH,2,2,GTH-PBE-q2
Be,4,DZVP-MOLOPT-UZH-PBE-GTH-q2,DZVP-MOLOPT-PBE-GTH-q2 | DZVP-MOLOPT-GGA-GTH-q2,GTH,2,2,GTH-PBE-q2
Be,4,TZV2P-MOLOPT-UZH-PBE-GTH-q4,TZV2P-MOLOPT-PBE-GTH-q4 | TZV2P-MOLOPT-GGA-GTH-q4,GTH,4,0,GTH-PBE-q4
Be,4,TZVP-MOLOPT-UZH-PBE-GTH-q4,TZVP-MOLOPT-PBE-GTH-q4 | TZVP-MOLOPT-GGA-GTH-q4,GTH,4,0,GTH-PBE-q4
Be,4,DZVP-MOLOPT-UZH-PBE-GTH-q4,DZVP-MOLOPT-PBE-GTH-q4 | DZVP-MOLOPT-GGA-GTH-q4,GTH,4,0,GTH-PBE-q4
B,5,TZV2P-MOLOPT-UZH-PBE-GTH-q3,TZV2P-MOLOPT-PBE-GTH-q3 | TZV2P-MOLOPT-GGA-GTH-q3,GTH,3,2,GTH-PBE-q3
B,5,TZVP-MOLOPT-UZH-PBE-GTH-q3,TZVP-MOLOPT-PBE-GTH-q3 | TZVP-MOLOPT-GGA-GTH-q3,GTH,3,2,GTH-PBE-q3
B,5,DZVP-MOLOPT-UZH-PBE-GTH-q3,DZVP-MOLOPT-PBE-GTH-q3 | DZVP-MOLOPT-GGA-GTH-q3,GTH,3,2,GTH-PBE-q3
C,6,TZV2P-MOLOPT-UZH-PBE-GTH-q4,TZV2P-MOLOPT-PBE-GTH-q4 | TZV2P-MOLOPT-GGA-GTH-q4,GTH,4,2,GTH-PBE-q4
C,6,TZVP-MOLOPT-UZH-PBE-GTH-q4,TZVP-MOLOPT-PBE-GTH-q4 | TZVP-MOLOPT-GGA-GTH-q4,GTH,4,2,GTH-PBE-q4
C,6,DZVP-MOLOPT-UZH-PBE-GTH-q4,DZVP-MOLOPT-PBE-GTH-q4 | DZVP-MOLOPT-GGA-GTH-q4,GTH,4,2,GTH-PBE-q4
N,7,TZV2P-MOLOPT-UZH-PBE-GTH-q5,TZV2P-MOLOPT-PBE-GTH-q5 | TZV2P-MOLOPT-GGA-GTH-q5,GTH,5,2,GTH-PBE-q5
N,7,TZVP-MOLOPT-UZH-PBE-GTH-q5,TZVP-MOLOPT-PBE-GTH-q5 | TZVP-MOLOPT-GGA-GTH-q5,GTH,5,2,GTH-PBE-q5
N,7,DZVP-MOLOPT-UZH-PBE-GTH-q5,DZVP-MOLOPT-PBE-GTH-q5 | DZVP-MOLOPT-GGA-GTH-q5,GTH,5,2,GTH-PBE-q5
O,8,TZV2P-MOLOPT-UZH-PBE-GTH-q6,TZV2P-MOLOPT-PBE-GTH-q6 | TZV2P-MOLOPT-GGA-GTH-q6,GTH,6,2,GTH-PBE-q6
O,8,TZVP-MOLOPT-UZH-PBE-GTH-q6,TZVP-MOLOPT-PBE-GTH-q6 | TZVP-MOLOPT-GGA-GTH-q6,GTH,6,2,GTH-PBE-q6
O,8,DZVP-MOLOPT-UZH-PBE-GTH-q6,DZVP-MOLOPT-PBE-GTH-q6 | DZVP-MOLOPT-GGA-GTH-q6,GTH,6,2,GTH-PBE-q6
F,9,TZV2P-MOLOPT-UZH-PBE-GTH-q7,TZV2P-MOLOPT-PBE-GTH-q7 | TZV2P-MOLOPT-GGA-GTH-q7,GTH,7,2,GTH-PBE-q7
F,9,TZVP-MOLOPT-UZH-PBE-GTH-q7,TZVP-MOLOPT-PBE-GTH-q7 | TZVP-MOLOPT-GGA-GTH-q7,GTH,7,2,GTH-PBE-q7
F,9,DZVP-MOLOPT-UZH-PBE-GTH-q7,DZVP-MOLOPT-PBE-GTH-q7 | DZVP-MOLOPT-GGA-GTH-q7,GTH,7,2,GTH-PBE-q7
Ne,10,TZV2P-MOLOPT-UZH-PBE-GTH-q8,TZV2P-MOLOPT-PBE-GTH-q8 | TZV2P-MOLOPT-GGA-GTH-q8,GTH,8,2,GTH-PBE-q8
Ne,10,TZVP-MOLOPT-UZH-PBE-GTH-q8,TZVP-MOLOPT-PBE-GTH-q8 | TZVP-MOLOPT-GGA-GTH-q8,GTH,8,2,GTH-PBE-q8
Ne,10,DZVP-MOLOPT-UZH-PBE-GTH-q8,DZVP-MOLOPT-PBE-GTH-q8 | DZVP-MOLOPT-GGA-GTH-q8,GTH,8,2,GTH-PBE-q8
Na,11,TZV2P-MOLOPT-UZH-PBE-GTH-q1,TZV2P-MOLOPT-PBE-GTH-q1 | TZV2P-MOLOPT-GGA-GTH-q1,GTH,1,10,GTH-PBE-q1
Na,11,TZVP-MOLOPT-UZH-PBE-GTH-q1,TZVP-MOLOPT-PBE-GTH-q1 | TZVP-MOLOPT-GGA-GTH-q1,GTH,1,10,GTH-PBE-q1
Na,11,DZVP-MOLOPT-UZH-PBE-GTH-q1,DZVP-MOLOPT-PBE-GTH-q1 | DZVP-MOLOPT-GGA-GTH-q1,GTH,1,10,GTH-PBE-q1
Na,11,TZV2P-MOLOPT-UZH-PBE-GTH-q9,TZV2P-MOLOPT-PBE-GTH-q9 | TZV2P-MOLOPT-GGA-GTH-q9,GTH,9,2,GTH-PBE-q9
Na,11,TZVP-MOLOPT-UZH-PBE-GTH-q9,TZVP-MOLOPT-PBE-GTH-q9 | TZVP-MOLOPT-GGA-GTH-q9,GTH,9,2,GTH-PBE-q9
Na,11,DZVP-MOLOPT-UZH-PBE-GTH-q9,DZVP-MOLOPT-PBE-GTH-q9 | DZVP-MOLOPT-GGA-GTH-q9,GTH,9,2,GTH-PBE-q9
Mg,12,TZV2P-MOLOPT-UZH-PBE-GTH-q10,TZV2P-MOLOPT-PBE-GTH-q10 | TZV2P-MOLOPT-GGA-GTH-q10,GTH,10,2,GTH-PBE-q10
Mg,12,TZVP-MOLOPT-UZH-PBE-GTH-q10,TZVP-MOLOPT-PBE-GTH-q10 | TZVP-MOLOPT-GGA-GTH-q10,GTH,10,2,GTH-PBE-q10
Mg,12,DZVP-MOLOPT-UZH-PBE-GTH-q10,DZVP-MOLOPT-PBE-GTH-q10 | DZVP-MOLOPT-GGA-GTH-q10,GTH,10,2,GTH-PBE-q10
Al,13,TZV2P-MOLOPT-UZH-PBE-GTH-q3,TZV2P-MOLOPT-PBE-GTH-q3 | TZV2P-MOLOPT-GGA-GTH-q3,GTH,3,10,GTH-PBE-q3
Al,13,TZVP-MOLOPT-UZH-PBE-GTH-q3,TZVP-MOLOPT-PBE-GTH-q3 | TZVP-MOLOPT-GGA-GTH-q3,GTH,3,10,GTH-PBE-q3
Al,13,DZVP-MOLOPT-UZH-PBE-GTH-q3,DZVP-MOLOPT-PBE-GTH-q3 | DZVP-MOLOPT-GGA-GTH-q3,GTH,3,10,GTH-PBE-q3
Si,14,TZV2P-MOLOPT-UZH-PBE-GTH-q4,TZV2P-MOLOPT-PBE-GTH-q4 | TZV2P-MOLOPT-GGA-GTH-q4,GTH,4,10,GTH-PBE-q4
Si,14,TZVP-MOLOPT-UZH-PBE-GTH-q4,TZVP-MOLOPT-PBE-GTH-q4 | TZVP-MOLOPT-GGA-GTH-q4,GTH,4,10,GTH-PBE-q4
Si,14,DZVP-MOLOPT-UZH-PBE-GTH-q4,DZVP-MOLOPT-PBE-GTH-q4 | DZVP-MOLOPT-GGA-GTH-q4,GTH,4,10,GTH-PBE-q4
P,15,TZV2P-MOLOPT-UZH-PBE-GTH-q5,TZV2P-MOLOPT-PBE-GTH-q5 | TZV2P-MOLOPT-GGA-GTH-q5,GTH,5,10,GTH-PBE-q5
P,15,TZVP-MOLOPT-UZH-PBE-GTH-q5,TZVP-MOLOPT-PBE-GTH-q5 | TZVP-MOLOPT-GGA-GTH-q5,GTH,5,10,GTH-PBE-q5
P,15,DZVP-MOLOPT-UZH-PBE-GTH-q5,DZVP-MOLOPT-PBE-GTH-q5 | DZVP-MOLOPT-GGA-GTH-q5,GTH,5,10,GTH-PBE-q5
S,16,TZV2P-MOLOPT-UZH-PBE-GTH-q6,TZV2P-MOLOPT-PBE-GTH-q6 | TZV2P-MOLOPT-GGA-GTH-q6,GTH,6,10,GTH-PBE-q6
S,16,TZVP-MOLOPT-UZH-PBE-GTH-q6,TZVP-MOLOPT-PBE-GTH-q6 | TZVP-MOLOPT-GGA-GTH-q6,GTH,6,10,GTH-PBE-q6
S,16,DZVP-MOLOPT-UZH-PBE-GTH-q6,DZVP-MOLOPT-PBE-GTH-q6 | DZVP-MOLOPT-GGA-GTH-q6,GTH,6,10,GTH-PBE-q6
Cl,17,TZV2P-MOLOPT-UZH-PBE-GTH-q7,TZV2P-MOLOPT-PBE-GTH-q7 | TZV2P-MOLOPT-GGA-GTH-q7,GTH,7,10,GTH-PBE-q7
Cl,17,TZVP-MOLOPT-UZH-PBE-GTH-q7,TZVP-MOLOPT-PBE-GTH-q7 | TZVP-MOLOPT-GGA-GTH-q7,GTH,7,10,GTH-PBE-q7
Cl,17,DZVP-MOLOPT-UZH-PBE-GTH-q7,DZVP-MOLOPT-PBE-GTH-q7 | DZVP-MOLOPT-GGA-GTH-q7,GTH,7,10,GTH-PBE-q7
Ar,18,TZV2P-MOLOPT-UZH-PBE-GTH-q8,TZV2P-MOLOPT-PBE-GTH-q8 | TZV2P-MOLOPT-GGA-GTH-q8,GTH,8,10,GTH-PBE-q8
Ar,18,TZVP-MOLOPT-UZH-PBE-GTH-q8,TZVP-MOLOPT-PBE-GTH-q8 | TZVP-MOLOPT-GGA-GTH-q8,GTH,8,10,GTH-PBE-q8
Ar,18,DZVP-MOLOPT-UZH-PBE-GTH-q8,DZVP-MOLOPT-PBE-GTH-q8 | DZVP-MOLOPT-GGA-GTH-q8,GTH,8,10,GTH-PBE-q8
K,19,TZV2P-MOLOPT-UZH-PBE-GTH-q9,TZV2P-MOLOPT-PBE-GTH-q9 | TZV2P-MOLOPT-GGA-GTH-q9,GTH,9,10,GTH-PBE-q9
K,19,TZVP-MOLOPT-UZH-PBE-GTH-q9,TZVP-MOLOPT-PBE-GTH-q9 | TZVP-MOLOPT-GGA-GTH-q9,GTH,9,10,GTH-PBE-q9
K,19,DZVP-MOLOPT-UZH-PBE-GTH-q9,DZVP-MOLOPT-PBE-GTH-q9 | DZVP-MOLOPT-GGA-GTH-q9,GTH,9,10,GTH-PBE-q9
Ca,20,TZV2P-MOLOPT-UZH-PBE-GTH-q10,TZV2P-MOLOPT-PBE-GTH-q10 | TZV2P-MOLOPT-GGA-GTH-q10,GTH,10,10,GTH-PBE-q10
Ca,20,TZVP-MOLOPT-UZH-PBE-GTH-q10,TZVP-MOLOPT-PBE-GTH-q10 | TZVP-MOLOPT-GGA-GTH-q10,GTH,10,10,GTH-PBE-q10
Ca,20,DZVP-MOLOPT-UZH-PBE-GTH-q10,DZVP-MOLOPT-PBE-GTH-q10 | DZVP-MOLOPT-GGA-GTH-q10,GTH,10,10,GTH-PBE-q10
Sc,21,TZV2P-MOLOPT-UZH-PBE-GTH-q11,TZV2P-MOLOPT-PBE-GTH-q11 | TZV2P-MOLOPT-GGA-GTH-q11,GTH,11,10,GTH-PBE-q11
Sc,21,TZVP-MOLOPT-UZH-PBE-GTH-q11,TZVP-MOLOPT-PBE-GTH-q11 | TZVP-MOLOPT-GGA-GTH-q11,GTH,11,10,GTH-PBE-q11
Sc,21,DZVP-MOLOPT-UZH-PBE-GTH-q11,DZVP-MOLOPT-PBE-GTH-q11 | DZVP-MOLOPT-GGA-GTH-q11,GTH,11,10,GTH-PBE-q11
Ti,22,TZV2P-MOLOPT-UZH-PBE-GTH-q12,TZV2P-MOLOPT-PBE-GTH-q12 | TZV2P-MOLOPT-GGA-GTH-q12,GTH,12,10,GTH-PBE-q12
Ti,22,TZVP-MOLOPT-UZH-PBE-GTH-q12,TZVP-MOLOPT-PBE-GTH-q12 | TZVP-MOLOPT-GGA-GTH-q12,GTH,12,10,GTH-PBE-q12
Ti,22,DZVP-MOLOPT-UZH-PBE-GTH-q12,DZVP-MOLOPT-PBE-GTH-q12 | DZVP-MOLOPT-GGA-GTH-q12,GTH,12,10,GTH-PBE-q12
V,23,TZV2P-MOLOPT-UZH-PBE-GTH-q13,TZV2P-MOLOPT-PBE-GTH-q13 | TZV2P-MOLOPT-GGA-GTH-q13,GTH,13,10,GTH-PBE-q13
V,23,TZVP-MOLOPT-UZH-PBE-GTH-q13,TZVP-MOLOPT-PBE-GTH-q13 | TZVP-MOLOPT-GGA-GTH-q13,GTH,13,10,GTH-PBE-q13
V,23,DZVP-MOLOPT-UZH-PBE-GTH-q13,DZVP-MOLOPT-PBE-GTH-q13 | DZVP-MOLOPT-GGA-GTH-q13,GTH,13,10,GTH-PBE-q13
Cr,24,TZV2P-MOLOPT-UZH-PBE-GTH-q14,TZV2P-MOLOPT-PBE-GTH-q14 | TZV2P-MOLOPT-GGA-GTH-q14,GTH,14,10,GTH-PBE-q14
Cr,24,TZVP-MOLOPT-UZH-PBE-GTH-q14,TZVP-MOLOPT-PBE-GTH-q14 | TZVP-MOLOPT-GGA-GTH-q14,GTH,14,10,GTH-PBE-q14
Cr,24,DZVP-MOLOPT-UZH-PBE-GTH-q14,DZVP-MOLOPT-PBE-GTH-q14 | DZVP-MOLOPT-GGA-GTH-q14,GTH,14,10,GTH-PBE-q14
Mn,25,TZV2P-MOLOPT-UZH-PBE-GTH-q15,TZV2P-MOLOPT-PBE-GTH-q15 | TZV2P-MOLOPT-GGA-GTH-q15,GTH,15,10,GTH-PBE-q15
Mn,25,TZVP-MOLOPT-UZH-PBE-GTH-q15,TZVP-MOLOPT-PBE-GTH-q15 | TZVP-MOLOPT-GGA-GTH-q15,GTH,15,10,GTH-PBE-q15
Mn,25,DZVP-MOLOPT-UZH-PBE-GTH-q15,DZVP-MOLOPT-PBE-GTH-q15 | DZVP-MOLOPT-GGA-GTH-q15,GTH,15,10,GTH-PBE-q15
Fe,26,TZV2P-MOLOPT-UZH-PBE-GTH-q16,TZV2P-MOLOPT-PBE-GTH-q16 | TZV2P-MOLOPT-GGA-GTH-q16,GTH,16,10,GTH-PBE-q16
Fe,26,TZVP-MOLOPT-UZH-PBE-GTH-q16,TZVP-MOLOPT-PBE-GTH-q16 | TZVP-MOLOPT-GGA-GTH-q16,GTH,16,10,GTH-PBE-q16
Fe,26,DZVP-MOLOPT-UZH-PBE-GTH-q16,DZVP-MOLOPT-PBE-GTH-q16 | DZVP-MOLOPT-GGA-GTH-q16,GTH,16,10,GTH-PBE-q16
Co,27,TZV2P-MOLOPT-UZH-PBE-GTH-q17,TZV2P-MOLOPT-PBE-GTH-q17 | TZV2P-MOLOPT-GGA-GTH-q17,GTH,17,10,GTH-PBE-q17
Co,27,TZVP-MOLOPT-UZH-PBE-GTH-q17,TZVP-MOLOPT-PBE-GTH-q17 | TZVP-MOLOPT-GGA-GTH-q17,GTH,17,10,GTH-PBE-q17
Co,27,DZVP-MOLOPT-UZH-PBE-GTH-q17,DZVP-MOLOPT-PBE-GTH-q17 | DZVP-MOLOPT-GGA-GTH-q17,GTH,17,10,GTH-PBE-q17
Ni,28,TZV2P-MOLOPT-UZH-PBE-GTH-q18,TZV2P-MOLOPT-PBE-GTH-q18 | TZV2P-MOLOPT-GGA-GTH-q18,GTH,18,10,GTH-PBE-q18
Ni,28,TZVP-MOLOPT-UZH-PBE-GTH-q18,TZVP-MOLOPT-PBE-GTH-q18 | TZVP-MOLOPT-GGA-GTH-q18,GTH,18,10,GTH-PBE-q18
Ni,28,DZVP-MOLOPT-UZH-PBE-GTH-q18,DZVP-MOLOPT-PBE-GTH-q18 | DZVP-MOLOPT-GGA-GTH-q18,GTH,18,10,GTH-PBE-q18
Cu,29,TZV2P-MOLOPT-UZH-PBE-GTH-q11,TZV2P-MOLOPT-PBE-GTH-q11 | TZV2P-MOLOPT-GGA-GTH-q11,GTH,11,18,GTH-PBE-q11
Cu,29,TZVP-MOLOPT-UZH-PBE-GTH-q11,TZVP-MOLOPT-PBE-GTH-q11 | TZVP-MOLOPT-GGA-GTH-q11,GTH,11,18,GTH-PBE-q11
Cu,29,DZVP-MOLOPT-UZH-PBE-GTH-q11,DZVP-MOLOPT-PBE-GTH-q11 | DZVP-MOLOPT-GGA-GTH-q11,GTH,11,18,GTH-PBE-q11
Zn,30,TZV2P-MOLOPT-UZH-PBE-GTH-q12,TZV2P-MOLOPT-PBE-GTH-q12 | TZV2P-MOLOPT-GGA-GTH-q12,GTH,12,18,GTH-PBE-q12
Zn,30,TZVP-MOLOPT-UZH-PBE-GTH-q12,TZVP-MOLOPT-PBE-GTH-q12 | TZVP-MOLOPT-GGA-GTH-q12,GTH,12,18,GTH-PBE-q12
Zn,30,DZVP-MOLOPT-UZH-PBE-GTH-q12,DZVP-MOLOPT-PBE-GTH-q12 | DZVP-MOLOPT-GGA-GTH-q12,GTH,12,18,GTH-PBE-q12
Ga,31,TZV2P-MOLOPT-UZH-PBE-GTH-q13,TZV2P-MOLOPT-PBE-GTH-q13 | TZV2P-MOLOPT-GGA-GTH-q13,GTH,13,18,GTH-PBE-q13
Ga,31,TZVP-MOLOPT-UZH-PBE-GTH-q13,TZVP-MOLOPT-PBE-GTH-q13 | TZVP-MOLOPT-GGA-GTH-q13,GTH,13,18,GTH-PBE-q13
Ga,31,DZVP-MOLOPT-UZH-PBE-GTH-q13,DZVP-MOLOPT-PBE-GTH-q13 | DZVP-MOLOPT-GGA-GTH-q13,GTH,13,18,GTH-PBE-q13
Ge,32,TZV2P-MOLOPT-UZH-PBE-GTH-q4,TZV2P-MOLOPT-PBE-GTH-q4 | TZV2P-MOLOPT-GGA-GTH-q4,GTH,4,28,GTH-PBE-q4
Ge,32,TZVP-MOLOPT-UZH-PBE-GTH-q4,TZVP-MOLOPT-PBE-GTH-q4 | TZVP-MOLOPT-GGA-GTH-q4,GTH,4,28,GTH-PBE-q4
Ge,32,DZVP-MOLOPT-UZH-PBE-GTH-q4,DZVP-MOLOPT-PBE-GTH-q4 | DZVP-MOLOPT-GGA-GTH-q4,GTH,4,28,GTH-PBE-q4
As,33,TZV2P-MOLOPT-UZH-PBE-GTH-q5,TZV2P-MOLOPT-PBE-GTH-q5 | TZV2P-MOLOPT-GGA-GTH-q5,GTH,5,28,GTH-PBE-q5
As,33,TZVP-MOLOPT-UZH-PBE-GTH-q5,TZVP-MOLOPT-PBE-GTH-q5 | TZVP-MOLOPT-GGA-GTH-q5,GTH,5,28,GTH-PBE-q5
As,33,DZVP-MOLOPT-UZH-PBE-GTH-q5,DZVP-MOLOPT-PBE-GTH-q5 | DZVP-MOLOPT-GGA-GTH-q5,GTH,5,28,GTH-PBE-q5
Se,34,TZV2P-MOLOPT-UZH-PBE-GTH-q6,TZV2P-MOLOPT-PBE-GTH-q6 | TZV2P-MOLOPT-GGA-GTH-q6,GTH,6,28,GTH-PBE-q6
Se,34,TZVP-MOLOPT-UZH-PBE-GTH-q6,TZVP-MOLOPT-PBE-GTH-q6 | TZVP-MOLOPT-GGA-GTH-q6,GTH,6,28,GTH-PBE-q6
Se,34,DZVP-MOLOPT-UZH-PBE-GTH-q6,DZVP-MOLOPT-PBE-GTH-q6 | DZVP-MOLOPT-GGA-GTH-q6,GTH,6,28,GTH-PBE-q6
Br,35,TZV2P-MOLOPT-UZH-PBE-GTH-q7,TZV2P-MOLOPT-PBE-GTH-q7 | TZV2P-MOLOPT-GGA-GTH-q7,GTH,7,28,GTH-PBE-q7
Br,35,TZVP-MOLOPT-UZH-PBE-GTH-q7,TZVP-MOLOPT-PBE-GTH-q7 | TZVP-MOLOPT-GGA-GTH-q7,GTH,7,28,GTH-PBE-q7
Br,35,DZVP-MOLOPT-UZH-PBE-GTH-q7,DZVP-MOLOPT-PBE-GTH-q7 | DZVP-MOLOPT-GGA-GTH-q7,GTH,7,28,GTH-PBE-q7
Kr,36,TZV2P-MOLOPT-UZH-PBE-GTH-q8,TZV2P-MOLOPT-PBE-GTH-q8 | TZV2P-MOLOPT-GGA-GTH-q8,GTH,8,28,GTH-PBE-q8
Kr,36,TZVP-MOLOPT-UZH-PBE-GTH-q8,TZVP-MOLOPT-PBE-GTH-q8 | TZVP-MOLOPT-GGA-GTH-q8,GTH,8,28,GTH-PBE-q8
Kr,36,DZVP-MOLOPT-UZH-PBE-GTH-q8,DZVP-MOLOPT-PBE-GTH-q8 | DZVP-MOLOPT-GGA-GTH-q8,GTH,8,28,GTH-PBE-q8
Rb,37,TZV2P-MOLOPT-UZH-PBE-GTH-q9,TZV2P-MOLOPT-PBE-GTH-q9 | TZV2P-MOLOPT-GGA-GTH-q9,GTH,9,28,GTH-PBE-q9
Rb,37,TZVP-MOLOPT-UZH-PBE-GTH-q9,TZVP-MOLOPT-PBE-GTH-q9 | TZVP-MOLOPT-GGA-GTH-q9,GTH,9,28,GTH-PBE-q9
Rb,37,DZVP-MOLOPT-UZH-PBE-GTH-q9,DZVP-MOLOPT-PBE-GTH-q9 | DZVP-MOLOPT-GGA-GTH-q9,GTH,9,28,GTH-PBE-q9
Sr,38,TZV2P-MOLOPT-UZH-PBE-GTH-q10,TZV2P-MOLOPT-PBE-GTH-q10 | TZV2P-MOLOPT-GGA-GTH-q10,GTH,10,28,GTH-PBE-q10
Sr,38,TZVP-MOLOPT-UZH-PBE-GTH-q10,TZVP-MOLOPT-PBE-GTH-q10 | TZVP-MOLOPT-GGA-GTH-q10,GTH,10,28,GTH-PBE-q10
Sr,38,DZVP-MOLOPT-UZH-PBE-GTH-q10,DZVP-MOLOPT-PBE-GTH-q10 | DZVP-MOLOPT-GGA-GTH-q10,GTH,10,28,GTH-PBE-q10
Y,39,TZV2P-MOLOPT-UZH-PBE-GTH-q11,TZV2P-MOLOPT-PBE-GTH-q11 | TZV2P-MOLOPT-GGA-GTH-q11,GTH,11,28,GTH-PBE-q11
Y,39,TZVP-MOLOPT-UZH-PBE-GTH-q11,TZVP-MOLOPT-PBE-GTH-q11 | TZVP-MOLOPT-GGA-GTH-q11,GTH,11,28,GTH-PBE-q11
Y,39,DZVP-MOLOPT-UZH-PBE-GTH-q11,DZVP-MOLOPT-PBE-GTH-q11 | DZVP-MOLOPT-GGA-GTH-q11,GTH,11,28,GTH-PBE-q11
Zr,40,TZV2P-MOLOPT-UZH-PBE-GTH-q12,TZV2P-MOLOPT-PBE-GTH-q12 | TZV2P-MOLOPT-GGA-GTH-q12,GTH,12,28,GTH-PBE-q12
Zr,40,TZVP-MOLOPT-UZH-PBE-GTH-q12,TZVP-MOLOPT-PBE-GTH-q12 | TZVP-MOLOPT-GGA-GTH-q12,GTH,12,28,GTH-PBE-q12
Zr,40,DZVP-MOLOPT-UZH-PBE-GTH-q12,DZVP-MOLOPT-PBE-GTH-q12 | DZVP-MOLOPT-GGA-GTH-q12,GTH,12,28,GTH-PBE-q12
Nb,41,TZV2P-MOLOPT-UZH-PBE-GTH-q13,TZV2P-MOLOPT-PBE-GTH-q13 | TZV2P-MOLOPT-GGA-GTH-q13,GTH,13,28,GTH-PBE-q13
Nb,41,TZVP-MOLOPT-UZH-PBE-GTH-q13,TZVP-MOLOPT-PBE-GTH-q13 | TZVP-MOLOPT-GGA-GTH-q13,GTH,13,28,GTH-PBE-q13
Nb,41,DZVP-MOLOPT-UZH-PBE-GTH-q13,DZVP-MOLOPT-PBE-GTH-q13 | DZVP-MOLOPT-GGA-GTH-q13,GTH,13,28,GTH-PBE-q13
Mo,42,TZV2P-MOLOPT-UZH-PBE-GTH-q14,TZV2P-MOLOPT-PBE-GTH-q14 | TZV2P-MOLOPT-GGA-GTH-q14,GTH,14,28,GTH-PBE-q14
Mo,42,TZVP-MOLOPT-UZH-PBE-GTH-q14,TZVP-MOLOPT-PBE-GTH-q14 | TZVP-MOLOPT-GGA-GTH-q14,GTH,14,28,GTH-PBE-q14
Mo,42,DZVP-MOLOPT-UZH-PBE-GTH-q14,DZVP-MOLOPT-PBE-GTH-q14 | DZVP-MOLOPT-GGA-GTH-q14,GTH,14,28,GTH-PBE-q14
Tc,43,TZV2P-MOLOPT-UZH-PBE-GTH-q15,TZV2P-MOLOPT-PBE-GTH-q15 | TZV2P-MOLOPT-GGA-GTH-q15,GTH,15,28,GTH-PBE-q15
Tc,43,TZVP-MOLOPT-UZH-PBE-GTH-q15,TZVP-MOLOPT-PBE-GTH-q15 | TZVP-MOLOPT-GGA-GTH-q15,GTH,15,28,GTH-PBE-q15
Tc,43,DZVP-MOLOPT-UZH-PBE-GTH-q15,DZVP-MOLOPT-PBE-GTH-q15 | DZVP-MOLOPT-GGA-GTH-q15,GTH,15,28,GTH-PBE-q15
Ru,44,TZV2P-MOLOPT-UZH-PBE-GTH-q16,TZV2P-MOLOPT-PBE-GTH-q16 | TZV2P-MOLOPT-GGA-GTH-q16,GTH,16,28,GTH-PBE-q16
Ru,44,TZVP-MOLOPT-UZH-PBE-GTH-q16,TZVP-MOLOPT-PBE-GTH-q16 | TZVP-MOLOPT-GGA-GTH-q16,GTH,16,28,GTH-PBE-q16
Ru,44,DZVP-MOLOPT-UZH-PBE-GTH-q16,DZVP-MOLOPT-PBE-GTH-q16 | DZVP-MOLOPT-GGA-GTH-q16,GTH,16,28,GTH-PBE-q16
Rh,45,TZV2P-MOLOPT-UZH-PBE-GTH-q17,TZV2P-MOLOPT-PBE-GTH-q17 | TZV2P-MOLOPT-GGA-GTH-q17,GTH,17,28,GTH-PBE-q17
Rh,45,TZVP-MOLOPT-UZH-PBE-GTH-q17,TZVP-MOLOPT-PBE-GTH-q17 | TZVP-MOLOPT-GGA-GTH-q17,GTH,17,28,GTH-PBE-q17
Rh,45,DZVP-MOLOPT-UZH-PBE-GTH-q17,DZVP-MOLOPT-PBE-GTH-q17 | DZVP-MOLOPT-GGA-GTH-q17,GTH,17,28,GTH-PBE-q17
Pd,46,TZV2P-MOLOPT-UZH-PBE-GTH-q18,TZV2P-MOLOPT-PBE-GTH-q18 | TZV2P-MOLOPT-GGA-GTH-q18,GTH,18,28,GTH-PBE-q18
Pd,46,TZVP-MOLOPT-UZH-PBE-GTH-q18,TZVP-MOLOPT-PBE-GTH-q18 | TZVP-MOLOPT-GGA-GTH-q18,GTH,18,28,GTH-PBE-q18
Pd,46,DZVP-MOLOPT-UZH-PBE-GTH-q18,DZVP-MOLOPT-PBE-GTH-q18 | DZVP-MOLOPT-GGA-GTH-q18,GTH,18,28,GTH-PBE-q18
Ag,47,TZV2P-MOLOPT-UZH-PBE-GTH-q11,TZV2P-MOLOPT-PBE-GTH-q11 | TZV2P-MOLOPT-GGA-GTH-q11,GTH,11,36,GTH-PBE-q11
Ag,47,TZVP-MOLOPT-UZH-PBE-GTH-q11,TZVP-MOLOPT-PBE-GTH-q11 | TZVP-MOLOPT-GGA-GTH-q11,GTH,11,36,GTH-PBE-q11
Ag,47,DZVP-MOLOPT-UZH-PBE-GTH-q11,DZVP-MOLOPT-PBE-GTH-q11 | DZVP-MOLOPT-GGA-GTH-q11,GTH,11,36,GTH-PBE-q11
Cd,48,TZV2P-MOLOPT-UZH-PBE-GTH-q12,TZV2P-MOLOPT-PBE-GTH-q12 | TZV2P-MOLOPT-GGA-GTH-q12,GTH,12,36,GTH-PBE-q12
Cd,48,TZVP-MOLOPT-UZH-PBE-GTH-q12,TZVP-MOLOPT-PBE-GTH-q12 | TZVP-MOLOPT-GGA-GTH-q12,GTH,12,36,GTH-PBE-q12
Cd,48,DZVP-MOLOPT-UZH-PBE-GTH-q12,DZVP-MOLOPT-PBE-GTH-q12 | DZVP-MOLOPT-GGA-GTH-q12,GTH,12,36,GTH-PBE-q12
In,49,TZV2P-MOLOPT-UZH-PBE-GTH-q13,TZV2P-MOLOPT-PBE-GTH-q13 | TZV2P-MOLOPT-GGA-GTH-q13,GTH,13,36,GTH-PBE-q13
In,49,TZVP-MOLOPT-UZH-PBE-GTH-q13,TZVP-MOLOPT-PBE-GTH-q13 | TZVP-MOLOPT-GGA-GTH-q13,GTH,13,36,GTH-PBE-q13
In,49,DZVP-MOLOPT-UZH-PBE-GTH-q13,DZVP-MOLOPT-PBE-GTH-q13 | DZVP-MOLOPT-GGA-GTH-q13,GTH,13,36,GTH-PBE-q13
Sn,50,TZV2P-MOLOPT-UZH-PBE-GTH-q4,TZV2P-MOLOPT-PBE-GTH-q4 | TZV2P-MOLOPT-GGA-GTH-q4,GTH,4,46,GTH-PBE-q4
Sn,50,TZVP-MOLOPT-UZH-PBE-GTH-q4,TZVP-MOLOPT-PBE-GTH-q4 | TZVP-MOLOPT-GGA-GTH-q4,GTH,4,46,GTH-PBE-q4
Sn,50,DZVP-MOLOPT-UZH-PBE-GTH-q4,DZVP-MOLOPT-PBE-GTH-q4 | DZVP-MOLOPT-GGA-GTH-q4,GTH,4,46,GTH-PBE-q4
Sn,50,TZV2P-MOLOPT-UZH-PBE-GTH-q14,TZV2P-MOLOPT-PBE-GTH-q14 | TZV2P-MOLOPT-GGA-GTH-q14,GTH,14,36,GTH-PBE-q14
Sn,50,TZVP-MOLOPT-UZH-PBE-GTH-q14,TZVP-MOLOPT-PBE-GTH-q14 | TZVP-MOLOPT-GGA-GTH-q14,GTH,14,36,GTH-PBE-q14
Sn,50,DZVP-MOLOPT-UZH-PBE-GTH-q14,DZVP-MOLOPT-PBE-GTH-q14 | DZVP-MOLOPT-GGA-GTH-q14,GTH,14,36,GTH-PBE-q14
Sb,51,TZV2P-MOLOPT-UZH-PBE-GTH-q5,TZV2P-MOLOPT-PBE-GTH-q5 | TZV2P-MOLOPT-GGA-GTH-q5,GTH,5,46,GTH-PBE-q5
Sb,51,TZVP-MOLOPT-UZH-PBE-GTH-q5,TZVP-MOLOPT-PBE-GTH-q5 | TZVP-MOLOPT-GGA-GTH-q5,GTH,5,46,GTH-PBE-q5
Sb,51,DZVP-MOLOPT-UZH-PBE-GTH-q5,DZVP-MOLOPT-PBE-GTH-q5 | DZVP-MOLOPT-GGA-GTH-q5,GTH,5,46,GTH-PBE-q5
Te,52,TZV2P-MOLOPT-UZH-PBE-GTH-q6,TZV2P-MOLOPT-PBE-GTH-q6 | TZV2P-MOLOPT-GGA-GTH-q6,GTH,6,46,GTH-PBE-q6
Te,52,TZVP-MOLOPT-UZH-PBE-GTH-q6,TZVP-MOLOPT-PBE-GTH-q6 | TZVP-MOLOPT-GGA-GTH-q6,GTH,6,46,GTH-PBE-q6
Te,52,DZVP-MOLOPT-UZH-PBE-GTH-q6,DZVP-MOLOPT-PBE-GTH-q6 | DZVP-MOLOPT-GGA-GTH-q6,GTH,6,46,GTH-PBE-q6
I,53,TZV2P-MOLOPT-UZH-PBE-GTH-q7,TZV2P-MOLOPT-PBE-GTH-q7 | TZV2P-MOLOPT-GGA-GTH-q7,GTH,7,46,GTH-PBE-q7
I,53,TZVP-MOLOPT-UZH-PBE-GTH-q7,TZVP-MOLOPT-PBE-GTH-q7 | TZVP-MOLOPT-GGA-GTH-q7,GTH,7,46,GTH-PBE-q7
I,53,DZVP-MOLOPT-UZH-PBE-GTH-q7,DZVP-MOLOPT-PBE-GTH-q7 | DZVP-MOLOPT-GGA-GTH-q7,GTH,7,46,GTH-PBE-q7
Xe,54,TZV2P-MOLOPT-UZH-PBE-GTH-q8,TZV2P-MOLOPT-PBE-GTH-q8 | TZV2P-MOLOPT-GGA-GTH-q8,GTH,8,46,GTH-PBE-q8
Xe,54,TZVP-MOLOPT-UZH-PBE-GTH-q8,TZVP-MOLOPT-PBE-GTH-q8 | TZVP-MOLOPT-GGA-GTH-q8,GTH,8,46,GTH-PBE-q8
Xe,54,DZVP-MOLOPT-UZH-PBE-GTH-q8,DZVP-MOLOPT-PBE-GTH-q8 | DZVP-MOLOPT-GGA-GTH-q8,GTH,8,46,GTH-PBE-q8
Cs,55,TZV2P-MOLOPT-UZH-PBE-GTH-q9,TZV2P-MOLOPT-PBE-GTH-q9 | TZV2P-MOLOPT-GGA-GTH-q9,GTH,9,46,GTH-PBE-q9
Cs,55,TZVP-MOLOPT-UZH-PBE-GTH-q9,TZVP-MOLOPT-PBE-GTH-q9 | TZVP-MOLOPT-GGA-GTH-q9,GTH,9,46,GTH-PBE-q9
Cs,55,DZVP-MOLOPT-UZH-PBE-GTH-q9,DZVP-MOLOPT-PBE-GTH-q9 | DZVP-MOLOPT-GGA-GTH-q9,GTH,9,46,GTH-PBE-q9
Ba,56,TZV2P-MOLOPT-UZH-PBE-GTH-q10,TZV2P-MOLOPT-PBE-GTH-q10 | TZV2P-MOLOPT-GGA-GTH-q10,GTH,10,46,GTH-PBE-q10
Ba,56,TZVP-MOLOPT-UZH-PBE-GTH-q10,TZVP-MOLOPT-PBE-GTH-q10 | TZVP-MOLOPT-GGA-GTH-q10,GTH,10,46,GTH-PBE-q10
Ba,56,DZVP-MOLOPT-UZH-PBE-GTH-q10,DZVP-MOLOPT-PBE-GTH-q10 | DZVP-MOLOPT-GGA-GTH-q10,GTH,10,46,GTH-PBE-q10
Hf,72,TZV2P-MOLOPT-UZH-PBE-GTH-q12,TZV2P-MOLOPT-PBE-GTH-q12 | TZV2P-MOLOPT-GGA-GTH-q12,GTH,12,60,GTH-PBE-q12
Hf,72,TZVP-MOLOPT-UZH-PBE-GTH-q12,TZVP-MOLOPT-PBE-GTH-q12 | TZVP-MOLOPT-GGA-GTH-q12,GTH,12,60,GTH-PBE-q12
Hf,72,DZVP-MOLOPT-UZH-PBE-GTH-q12,DZVP-MOLOPT-PBE-GTH-q12 | DZVP-MOLOPT-GGA-GTH-q12,GTH,12,60,GTH-PBE-q12
Ta,73,TZV2P-MOLOPT-UZH-PBE-GTH-q13,TZV2P-MOLOPT-PBE-GTH-q13 | TZV2P-MOLOPT-GGA-GTH-q13,GTH,13,60,GTH-PBE-q13
Ta,73,TZVP-MOLOPT-UZH-PBE-GTH-q13,TZVP-MOLOPT-PBE-GTH-q13 | TZVP-MOLOPT-GGA-GTH-q13,GTH,13,60,GTH-PBE-q13
Ta,73,DZVP-MOLOPT-UZH-PBE-GTH-q13,DZVP-MOLOPT-PBE-GTH-q13 | DZVP-MOLOPT-GGA-GTH-q13,GTH,13,60,GTH-PBE-q13
W,74,TZV2P-MOLOPT-UZH-PBE-GTH-q14,TZV2P-MOLOPT-PBE-GTH-q14 | TZV2P-MOLOPT-GGA-GTH-q14,GTH,14,60,GTH-PBE-q14
W,74,TZVP-MOLOPT-UZH-PBE-GTH-q14,TZVP-MOLOPT-PBE-GTH-q14 | TZVP-MOLOPT-GGA-GTH-q14,GTH,14,60,GTH-PBE-q14
W,74,DZVP-MOLOPT-UZH-PBE-GTH-q14,DZVP-MOLOPT-PBE-GTH-q14 | DZVP-MOLOPT-GGA-GTH-q14,GTH,14,60,GTH-PBE-q14
Re,75,TZV2P-MOLOPT-UZH-PBE-GTH-q15,TZV2P-MOLOPT-PBE-GTH-q15 | TZV2P-MOLOPT-GGA-GTH-q15,GTH,15,60,GTH-PBE-q15
Re,75,TZVP-MOLOPT-UZH-PBE-GTH-q15,TZVP-MOLOPT-PBE-GTH-q15 | TZVP-MOLOPT-GGA-GTH-q15,GTH,15,60,GTH-PBE-q15
Re,75,DZVP-MOLOPT-UZH-PBE-GTH-q15,DZVP-MOLOPT-PBE-GTH-q15 | DZVP-MOLOPT-GGA-GTH-q15,GTH,15,60,GTH-PBE-q15
Os,76,TZV2P-MOLOPT-UZH-PBE-GTH-q16,TZV2P-MOLOPT-PBE-GTH-q16 | TZV2P-MOLOPT-GGA-GTH-q16,GTH,16,60,GTH-PBE-q16
Os,76,TZVP-MOLOPT-UZH-PBE-GTH-q16,TZVP-MOLOPT-PBE-GTH-q16 | TZVP-MOLOPT-GGA-GTH-q16,GTH,16,60,GTH-PBE-q16
Os,76,DZVP-MOLOPT-UZH-PBE-GTH-q16,DZVP-MOLOPT-PBE-GTH-q16 | DZVP-MOLOPT-GGA-GTH-q16,GTH,16,60,GTH-PBE-q16
Ir,77,TZV2P-MOLOPT-UZH-PBE-GTH-q17,TZV2P-MOLOPT-PBE-GTH-q17 | TZV2P-MOLOPT-GGA-GTH-q17,GTH,17,60,GTH-PBE-q17
Ir,77,TZVP-MOLOPT-UZH-PBE-GTH-q17,TZVP-MOLOPT-PBE-GTH-q17 | TZVP-MOLOPT-GGA-GTH-q17,GTH,17,60,GTH-PBE-q17
Ir,77,DZVP-MOLOPT-UZH-PBE-GTH-q17,DZVP-MOLOPT-PBE-GTH-q17 | DZVP-MOLOPT-GGA-GTH-q17,GTH,17,60,GTH-PBE-q17
Pt,78,TZV2P-MOLOPT-UZH-PBE-GTH-q18,TZV2P-MOLOPT-PBE-GTH-q18 | TZV2P-MOLOPT-GGA-GTH-q18,GTH,18,60,GTH-PBE-q18
Pt,78,TZVP-MOLOPT-UZH-PBE-GTH-q18,TZVP-MOLOPT-PBE-GTH-q18 | TZVP-MOLOPT-GGA-GTH-q18,GTH,18,60,GTH-PBE-q18
Pt,78,DZVP-MOLOPT-UZH-PBE-GTH-q18,DZVP-MOLOPT-PBE-GTH-q18 | DZVP-MOLOPT-GGA-GTH-q18,GTH,18,60,GTH-PBE-q18
Au,79,TZV2P-MOLOPT-UZH-PBE-GTH-q11,TZV2P-MOLOPT-PBE-GTH-q11 | TZV2P-MOLOPT-GGA-GTH-q11,GTH,11,68,GTH-PBE-q11
Au,79,TZVP-MOLOPT-UZH-PBE-GTH-q11,TZVP-MOLOPT-PBE-GTH-q11 | TZVP-MOLOPT-GGA-GTH-q11,GTH,11,68,GTH-PBE-q11
Au,79,DZVP-MOLOPT-UZH-PBE-GTH-q11,DZVP-MOLOPT-PBE-GTH-q11 | DZVP-MOLOPT-GGA-GTH-q11,GTH,11,68,GTH-PBE-q11
Au,79,TZV2P-MOLOPT-UZH-PBE-GTH-q19,TZV2P-MOLOPT-PBE-GTH-q19 | TZV2P-MOLOPT-GGA-GTH-q19,GTH,19,60,GTH-PBE-q19
Au,79,TZVP-MOLOPT-UZH-PBE-GTH-q19,TZVP-MOLOPT-PBE-GTH-q19 | TZVP-MOLOPT-GGA-GTH-q19,GTH,19,60,GTH-PBE-q19
Au,79,DZVP-MOLOPT-UZH-PBE-GTH-q19,DZVP-MOLOPT-PBE-GTH-q19 | DZVP-MOLOPT-GGA-GTH-q19,GTH,19,60,GTH-PBE-q19
Hg,80,TZV2P-MOLOPT-UZH-PBE-GTH-q12,TZV2P-MOLOPT-PBE-GTH-q12 | TZV2P-MOLOPT-GGA-GTH-q12,GTH,12,68,GTH-PBE-q12
Hg,80,TZVP-MOLOPT-UZH-PBE-GTH-q12,TZVP-MOLOPT-PBE-GTH-q12 | TZVP-MOLOPT-GGA-GTH-q12,GTH,12,68,GTH-PBE-q12
Hg,80,DZVP-MOLOPT-UZH-PBE-GTH-q12,DZVP-MOLOPT-PBE-GTH-q12 | DZVP-MOLOPT-GGA-GTH-q12,GTH,12,68,GTH-PBE-q12
Tl,81,TZV2P-MOLOPT-UZH-PBE-GTH-q13,TZV2P-MOLOPT-PBE-GTH-q13 | TZV2P-MOLOPT-GGA-GTH-q13,GTH,13,68,GTH-PBE-q13
Tl,81,TZVP-MOLOPT-UZH-PBE-GTH-q13,TZVP-MOLOPT-PBE-GTH-q13 | TZVP-MOLOPT-GGA-GTH-q13,GTH,13,68,GTH-PBE-q13
Tl,81,DZVP-MOLOPT-UZH-PBE-GTH-q13,DZVP-MOLOPT-PBE-GTH-q13 | DZVP-MOLOPT-GGA-GTH-q13,GTH,13,68,GTH-PBE-q13
Pb,82,TZV2P-MOLOPT-UZH-PBE-GTH-q4,TZV2P-MOLOPT-PBE-GTH-q4 | TZV2P-MOLOPT-GGA-GTH-q4,GTH,4,78,GTH-PBE-q4
Pb,82,TZVP-MOLOPT-UZH-PBE-GTH-q4,TZVP-MOLOPT-PBE-GTH-q4 | TZVP-MOLOPT-GGA-GTH-q4,GTH,4,78,GTH-PBE-q4
Pb,82,DZVP-MOLOPT-UZH-PBE-GTH-q4,DZVP-MOLOPT-PBE-GTH-q4 | DZVP-MOLOPT-GGA-GTH-q4,GTH,4,78,GTH-PBE-q4
Bi,83,TZV2P-MOLOPT-UZH-PBE-GTH-q5,TZV2P-MOLOPT-PBE-GTH-q5 | TZV2P-MOLOPT-GGA-GTH-q5,GTH,5,78,GTH-PBE-q5
Bi,83,TZVP-MOLOPT-UZH-PBE-GTH-q5,TZVP-MOLOPT-PBE-GTH-q5 | TZVP-MOLOPT-GGA-GTH-q5,GTH,5,78,GTH-PBE-q5
Bi,83,DZVP-MOLOPT-UZH-PBE-GTH-q5,DZVP-MOLOPT-PBE-GTH-q5 | DZVP-MOLOPT-GGA-GTH-q5,GTH,5,78,GTH-PBE-q5
Po,84,TZV2P-MOLOPT-UZH-PBE-GTH-q6,TZV2P-MOLOPT-PBE-GTH-q6 | TZV2P-MOLOPT-GGA-GTH-q6,GTH,6,78,GTH-PBE-q6
Po,84,TZVP-MOLOPT-UZH-PBE-GTH-q6,TZVP-MOLOPT-PBE-GTH-q6 | TZVP-MOLOPT-GGA-GTH-q6,GTH,6,78,GTH-PBE-q6
Po,84,DZVP-MOLOPT-UZH-PBE-GTH-q6,DZVP-MOLOPT-PBE-GTH-q6 | DZVP-MOLOPT-GGA-GTH-q6,GTH,6,78,GTH-PBE-q6
At,85,TZV2P-MOLOPT-UZH-PBE-GTH-q7,TZV2P-MOLOPT-PBE-GTH-q7 | TZV2P-MOLOPT-GGA-GTH-q7,GTH,7,78,GTH-PBE-q7
At,85,TZVP-MOLOPT-UZH-PBE-GTH-q7,TZVP-MOLOPT-PBE-GTH-q7 | TZVP-MOLOPT-GGA-GTH-q7,GTH,7,78,GTH-PBE-q7
At,85,DZVP-MOLOPT-UZH-PBE-GTH-q7,DZVP-MOLOPT-PBE-GTH-q7 | DZVP-MOLOPT-GGA-GTH-q7,GTH,7,78,GTH-PBE-q7
Rn,86,TZV2P-MOLOPT-UZH-PBE-GTH-q8,TZV2P-MOLOPT-PBE-GTH-q8 | TZV2P-MOLOPT-GGA-GTH-q8,GTH,8,78,GTH-PBE-q8
Rn,86,TZVP-MOLOPT-UZH-PBE-GTH-q8,TZVP-MOLOPT-PBE-GTH-q8 | TZVP-MOLOPT-GGA-GTH-q8,GTH,8,78,GTH-PBE-q8
Rn,86,DZVP-MOLOPT-UZH-PBE-GTH-q8,DZVP-MOLOPT-PBE-GTH-q8 | DZVP-MOLOPT-GGA-GTH-q8,GTH,8,78,GTH-PBE-q8
H,1,TZV2P-MOLOPT-UZH-SCAN-GTH-q1,TZV2P-MOLOPT-SCAN-GTH-q1 | TZV2P-MOLOPT-MGGA-GTH-q1,GTH,1,0,GTH-SCAN-q1
H,1,TZVP-MOLOPT-UZH-SCAN-GTH-q1,TZVP-MOLOPT-SCAN-GTH-q1 | TZVP-MOLOPT-MGGA-GTH-q1,GTH,1,0,GTH-SCAN-q1
H,1,DZVP-MOLOPT-UZH-SCAN-GTH-q1,DZVP-MOLOPT-SCAN-GTH-q1 | DZVP-MOLOPT-MGGA-GTH-q1,GTH,1,0,GTH-SCAN-q1
He,2,TZV2P-MOLOPT-UZH-SCAN-GTH-q2,TZV2P-MOLOPT-SCAN-GTH-q2 | TZV2P-MOLOPT-MGGA-GTH-q2,GTH,2,0,GTH-SCAN-q2
He,2,TZVP-MOLOPT-UZH-SCAN-GTH-q2,TZVP-MOLOPT-SCAN-GTH-q2 | TZVP-MOLOPT-MGGA-GTH-q2,GTH,2,0,GTH-SCAN-q2
He,2,DZVP-MOLOPT-UZH-SCAN-GTH-q2,DZVP-MOLOPT-SCAN-GTH-q2 | DZVP-MOLOPT-MGGA-GTH-q2,GTH,2,0,GTH-SCAN-q2
Li,3,TZV2P-MOLOPT-UZH-SCAN-GTH-q1,TZV2P-MOLOPT-SCAN-GTH-q1 | TZV2P-MOLOPT-MGGA-GTH-q1,GTH,1,2,GTH-SCAN-q1
Li,3,TZVP-MOLOPT-UZH-SCAN-GTH-q1,TZVP-MOLOPT-SCAN-GTH-q1 | TZVP-MOLOPT-MGGA-GTH-q1,GTH,1,2,GTH-SCAN-q1
Li,3,DZVP-MOLOPT-UZH-SCAN-GTH-q1,DZVP-MOLOPT-SCAN-GTH-q1 | DZVP-MOLOPT-MGGA-GTH-q1,GTH,1,2,GTH-SCAN-q1
Li,3,TZV2P-MOLOPT-UZH-SCAN-GTH-q3,TZV2P-MOLOPT-SCAN-GTH-q3 | TZV2P-MOLOPT-MGGA-GTH-q3,GTH,3,0,GTH-SCAN-q3
Li,3,TZVP-MOLOPT-UZH-SCAN-GTH-q3,TZVP-MOLOPT-SCAN-GTH-q3 | TZVP-MOLOPT-MGGA-GTH-q3,GTH,3,0,GTH-SCAN-q3
Li,3,DZVP-MOLOPT-UZH-SCAN-GTH-q3,DZVP-MOLOPT-SCAN-GTH-q3 | DZVP-MOLOPT-MGGA-GTH-q3,GTH,3,0,GTH-SCAN-q3
Be,4,TZV2P-MOLOPT-UZH-SCAN-GTH-q2,TZV2P-MOLOPT-SCAN-GTH-q2 | TZV2P-MOLOPT-MGGA-GTH-q2,GTH,2,2,GTH-SCAN-q2
Be,4,TZVP-MOLOPT-UZH-SCAN-GTH-q2,TZVP-MOLOPT-SCAN-GTH-q2 | TZVP-MOLOPT-MGGA-GTH-q2,GTH,2,2,GTH-SCAN-q2
Be,4,DZVP-MOLOPT-UZH-SCAN-GTH-q2,DZVP-MOLOPT-SCAN-GTH-q2 | DZVP-MOLOPT-MGGA-GTH-q2,GTH,2,2,GTH-SCAN-q2
Be,4,TZV2P-MOLOPT-UZH-SCAN-GTH-q4,TZV2P-MOLOPT-SCAN-GTH-q4 | TZV2P-MOLOPT-MGGA-GTH-q4,GTH,4,0,GTH-SCAN-q4
Be,4,TZVP-MOLOPT-UZH-SCAN-GTH-q4,TZVP-MOLOPT-SCAN-GTH-q4 | TZVP-MOLOPT-MGGA-GTH-q4,GTH,4,0,GTH-SCAN-q4
Be,4,DZVP-MOLOPT-UZH-SCAN-GTH-q4,DZVP-MOLOPT-SCAN-GTH-q4 | DZVP-MOLOPT-MGGA-GTH-q4,GTH,4,0,GTH-SCAN-q4
B,5,TZV2P-MOLOPT-UZH-SCAN-GTH-q3,TZV2P-MOLOPT-SCAN-GTH-q3 | TZV2P-MOLOPT-MGGA-GTH-q3,GTH,3,2,GTH-SCAN-q3
B,5,TZVP-MOLOPT-UZH-SCAN-GTH-q3,TZVP-MOLOPT-SCAN-GTH-q3 | TZVP-MOLOPT-MGGA-GTH-q3,GTH,3,2,GTH-SCAN-q3
B,5,DZVP-MOLOPT-UZH-SCAN-GTH-q3,DZVP-MOLOPT-SCAN-GTH-q3 | DZVP-MOLOPT-MGGA-GTH-q3,GTH,3,2,GTH-SCAN-q3
C,6,TZV2P-MOLOPT-UZH-SCAN-GTH-q4,TZV2P-MOLOPT-SCAN-GTH-q4 | TZV2P-MOLOPT-MGGA-GTH-q4,GTH,4,2,GTH-SCAN-q4
C,6,TZVP-MOLOPT-UZH-SCAN-GTH-q4,TZVP-MOLOPT-SCAN-GTH-q4 | TZVP-MOLOPT-MGGA-GTH-q4,GTH,4,2,GTH-SCAN-q4
C,6,DZVP-MOLOPT-UZH-SCAN-GTH-q4,DZVP-MOLOPT-SCAN-GTH-q4 | DZVP-MOLOPT-MGGA-GTH-q4,GTH,4,2,GTH-SCAN-q4
N,7,TZV2P-MOLOPT-UZH-SCAN-GTH-q5,TZV2P-MOLOPT-SCAN-GTH-q5 | TZV2P-MOLOPT-MGGA-GTH-q5,GTH,5,2,GTH-SCAN-q5
N,7,TZVP-MOLOPT-UZH-SCAN-GTH-q5,TZVP-MOLOPT-SCAN-GTH-q5 | TZVP-MOLOPT-MGGA-GTH-q5,GTH,5,2,GTH-SCAN-q5
N,7,DZVP-MOLOPT-UZH-SCAN-GTH-q5,DZVP-MOLOPT-SCAN-GTH-q5 | DZVP-MOLOPT-MGGA-GTH-q5,GTH,5,2,GTH-SCAN-q5
O,8,TZV2P-MOLOPT-UZH-SCAN-GTH-q6,TZV2P-MOLOPT-SCAN-GTH-q6 | TZV2P-MOLOPT-MGGA-GTH-q6,GTH,6,2,GTH-SCAN-q6
O,8,TZVP-MOLOPT-UZH-SCAN-GTH-q6,TZVP-MOLOPT-SCAN-GTH-q6 | TZVP-MOLOPT-MGGA-GTH-q6,GTH,6,2,GTH-SCAN-q6
O,8,DZVP-MOLOPT-UZH-SCAN-GTH-q6,DZVP-MOLOPT-SCAN-GTH-q6 | DZVP-MOLOPT-MGGA-GTH-q6,GTH,6,2,GTH-SCAN-q6
F,9,TZV2P-MOLOPT-UZH-SCAN-GTH-q7,TZV2P-MOLOPT-SCAN-GTH-q7 | TZV2P-MOLOPT-MGGA-GTH-q7,GTH,7,2,GTH-SCAN-q7
F,9,TZVP-MOLOPT-UZH-SCAN-GTH-q7,TZVP-MOLOPT-SCAN-GTH-q7 | TZVP-MOLOPT-MGGA-GTH-q7,GTH,7,2,GTH-SCAN-q7
F,9,DZVP-MOLOPT-UZH-SCAN-GTH-q7,DZVP-MOLOPT-SCAN-GTH-q7 | DZVP-MOLOPT-MGGA-GTH-q7,GTH,7,2,GTH-SCAN-q7
Ne,10,TZV2P-MOLOPT-UZH-SCAN-GTH-q8,TZV2P-MOLOPT-SCAN-GTH-q8 | TZV2P-MOLOPT-MGGA-GTH-q8,GTH,8,2,GTH-SCAN-q8
Ne,10,TZVP-MOLOPT-UZH-SCAN-GTH-q8,TZVP-MOLOPT-SCAN-GTH-q8 | TZVP-MOLOPT-MGGA-GTH-q8,GTH,8,2,GTH-SCAN-q8
Ne,10,DZVP-MOLOPT-UZH-SCAN-GTH-q8,DZVP-MOLOPT-SCAN-GTH-q8 | DZVP-MOLOPT-MGGA-GTH-q8,GTH,8,2,GTH-SCAN-q8
Na,11,TZV2P-MOLOPT-UZH-SCAN-GTH-q1,TZV2P-MOLOPT-SCAN-GTH-q1 | TZV2P-MOLOPT-MGGA-GTH-q1,GTH,1,10,GTH-SCAN-q1
Na,11,TZVP-MOLOPT-UZH-SCAN-GTH-q1,TZVP-MOLOPT-SCAN-GTH-q1 | TZVP-MOLOPT-MGGA-GTH-q1,GTH,1,10,GTH-SCAN-q1
Na,11,DZVP-MOLOPT-UZH-SCAN-GTH-q1,DZVP-MOLOPT-SCAN-GTH-q1 | DZVP-MOLOPT-MGGA-GTH-q1,GTH,1,10,GTH-SCAN-q1
Na,11,TZV2P-MOLOPT-UZH-SCAN-GTH-q9,TZV2P-MOLOPT-SCAN-GTH-q9 | TZV2P-MOLOPT-MGGA-GTH-q9,GTH,9,2,GTH-SCAN-q9
Na,11,TZVP-MOLOPT-UZH-SCAN-GTH-q9,TZVP-MOLOPT-SCAN-GTH-q9 | TZVP-MOLOPT-MGGA-GTH-q9,GTH,9,2,GTH-SCAN-q9
Na,11,DZVP-MOLOPT-UZH-SCAN-GTH-q9,DZVP-MOLOPT-SCAN-GTH-q9 | DZVP-MOLOPT-MGGA-GTH-q9,GTH,9,2,GTH-SCAN-q9
Mg,12,TZV2P-MOLOPT-UZH-SCAN-GTH-q10,TZV2P-MOLOPT-SCAN-GTH-q10 | TZV2P-MOLOPT-MGGA-GTH-q10,GTH,10,2,GTH-SCAN-q10
Mg,12,TZVP-MOLOPT-UZH-SCAN-GTH-q10,TZVP-MOLOPT-SCAN-GTH-q10 | TZVP-MOLOPT-MGGA-GTH-q10,GTH,10,2,GTH-SCAN-q10
Mg,12,DZVP-MOLOPT-UZH-SCAN-GTH-q10,DZVP-MOLOPT-SCAN-GTH-q10 | DZVP-MOLOPT-MGGA-GTH-q10,GTH,10,2,GTH-SCAN-q10
Al,13,TZV2P-MOLOPT-UZH-SCAN-GTH-q3,TZV2P-MOLOPT-SCAN-GTH-q3 | TZV2P-MOLOPT-MGGA-GTH-q3,GTH,3,10,GTH-SCAN-q3
Al,13,TZVP-MOLOPT-UZH-SCAN-GTH-q3,TZVP-MOLOPT-SCAN-GTH-q3 | TZVP-MOLOPT-MGGA-GTH-q3,GTH,3,10,GTH-SCAN-q3
Al,13,DZVP-MOLOPT-UZH-SCAN-GTH-q3,DZVP-MOLOPT-SCAN-GTH-q3 | DZVP-MOLOPT-MGGA-GTH-q3,GTH,3,10,GTH-SCAN-q3
Si,14,TZV2P-MOLOPT-UZH-SCAN-GTH-q4,TZV2P-MOLOPT-SCAN-GTH-q4 | TZV2P-MOLOPT-MGGA-GTH-q4,GTH,4,10,GTH-SCAN-q4
Si,14,TZVP-MOLOPT-UZH-SCAN-GTH-q4,TZVP-MOLOPT-SCAN-GTH-q4 | TZVP-MOLOPT-MGGA-GTH-q4,GTH,4,10,GTH-SCAN-q4
Si,14,DZVP-MOLOPT-UZH-SCAN-GTH-q4,DZVP-MOLOPT-SCAN-GTH-q4 | DZVP-MOLOPT-MGGA-GTH-q4,GTH,4,10,GTH-SCAN-q4
P,15,TZV2P-MOLOPT-UZH-SCAN-GTH-q5,TZV2P-MOLOPT-SCAN-GTH-q5 | TZV2P-MOLOPT-MGGA-GTH-q5,GTH,5,10,GTH-SCAN-q5
P,15,TZVP-MOLOPT-UZH-SCAN-GTH-q5,TZVP-MOLOPT-SCAN-GTH-q5 | TZVP-MOLOPT-MGGA-GTH-q5,GTH,5,10,GTH-SCAN-q5
P,15,DZVP-MOLOPT-UZH-SCAN-GTH-q5,DZVP-MOLOPT-SCAN-GTH-q5 | DZVP-MOLOPT-MGGA-GTH-q5,GTH,5,10,GTH-SCAN-q5
S,16,TZV2P-MOLOPT-UZH-SCAN-GTH-q6,TZV2P-MOLOPT-SCAN-GTH-q6 | TZV2P-MOLOPT-MGGA-GTH-q6,GTH,6,10,GTH-SCAN-q6
S,16,TZVP-MOLOPT-UZH-SCAN-GTH-q6,TZVP-MOLOPT-SCAN-GTH-q6 | TZVP-MOLOPT-MGGA-GTH-q6,GTH,6,10,GTH-SCAN-q6
S,16,DZVP-MOLOPT-UZH-SCAN-GTH-q6,DZVP-MOLOPT-SCAN-GTH-q6 | DZVP-MOLOPT-MGGA-GTH-q6,GTH,6,10,GTH-SCAN-q6
Cl,17,TZV2P-MOLOPT-UZH-SCAN-GTH-q7,TZV2P-MOLOPT-SCAN-GTH-q7 | TZV2P-MOLOPT-MGGA-GTH-q7,GTH,7,10,GTH-SCAN-q7
Cl,17,TZVP-MOLOPT-UZH-SCAN-GTH-q7,TZVP-MOLOPT-SCAN-GTH-q7 | TZVP-MOLOPT-MGGA-GTH-q7,GTH,7,10,GTH-SCAN-q7
Cl,17,DZVP-MOLOPT-UZH-SCAN-GTH-q7,DZVP-MOLOPT-SCAN-GTH-q7 | DZVP-MOLOPT-MGGA-GTH-q7,GTH,7,10,GTH-SCAN-q7
Ar,18,TZV2P-MOLOPT-UZH-SCAN-GTH-q8,TZV2P-MOLOPT-SCAN-GTH-q8 | TZV2P-MOLOPT-MGGA-GTH-q8,GTH,8,10,GTH-SCAN-q8
Ar,18,TZVP-MOLOPT-UZH-SCAN-GTH-q8,TZVP-MOLOPT-SCAN-GTH-q8 | TZVP-MOLOPT-MGGA-GTH-q8,GTH,8,10,GTH-SCAN-q8
Ar,18,DZVP-MOLOPT-UZH-SCAN-GTH-q8,DZVP-MOLOPT-SCAN-GTH-q8 | DZVP-MOLOPT-MGGA-GTH-q8,GTH,8,10,GTH-SCAN-q8
K,19,TZV2P-MOLOPT-UZH-SCAN-GTH-q9,TZV2P-MOLOPT-SCAN-GTH-q9 | TZV2P-MOLOPT-MGGA-GTH-q9,GTH,9,10,GTH-SCAN-q9
K,19,TZVP-MOLOPT-UZH-SCAN-GTH-q9,TZVP-MOLOPT-SCAN-GTH-q9 | TZVP-MOLOPT-MGGA-GTH-q9,GTH,9,10,GTH-SCAN-q9
K,19,DZVP-MOLOPT-UZH-SCAN-GTH-q9,DZVP-MOLOPT-SCAN-GTH-q9 | DZVP-MOLOPT-MGGA-GTH-q9,GTH,9,10,GTH-SCAN-q9
Ca,20,TZV2P-MOLOPT-UZH-SCAN-GTH-q10,TZV2P-MOLOPT-SCAN-GTH-q10 | TZV2P-MOLOPT-MGGA-GTH-q10,GTH,10,10,GTH-SCAN-q10
Ca,20,TZVP-MOLOPT-UZH-SCAN-GTH-q10,TZVP-MOLOPT-SCAN-GTH-q10 | TZVP-MOLOPT-MGGA-GTH-q10,GTH,10,10,GTH-SCAN-q10
Ca,20,DZVP-MOLOPT-UZH-SCAN-GTH-q10,DZVP-MOLOPT-SCAN-GTH-q10 | DZVP-MOLOPT-MGGA-GTH-q10,GTH,10,10,GTH-SCAN-q10
Sc,21,TZV2P-MOLOPT-UZH-SCAN-GTH-q11,TZV2P-MOLOPT-SCAN-GTH-q11 | TZV2P-MOLOPT-MGGA-GTH-q11,GTH,11,10,GTH-SCAN-q11
Sc,21,TZVP-MOLOPT-UZH-SCAN-GTH-q11,TZVP-MOLOPT-SCAN-GTH-q11 | TZVP-MOLOPT-MGGA-GTH-q11,GTH,11,10,GTH-SCAN-q11
Sc,21,DZVP-MOLOPT-UZH-SCAN-GTH-q11,DZVP-MOLOPT-SCAN-GTH-q11 | DZVP-MOLOPT-MGGA-GTH-q11,GTH,11,10,GTH-SCAN-q11
Ti,22,TZV2P-MOLOPT-UZH-SCAN-GTH-q12,TZV2P-MOLOPT-SCAN-GTH-q12 | TZV2P-MOLOPT-MGGA-GTH-q12,GTH,12,10,GTH-SCAN-q12
Ti,22,TZVP-MOLOPT-UZH-SCAN-GTH-q12,TZVP-MOLOPT-SCAN-GTH-q12 | TZVP-MOLOPT-MGGA-GTH-q12,GTH,12,10,GTH-SCAN-q12
Ti,22,DZVP-MOLOPT-UZH-SCAN-GTH-q12,DZVP-MOLOPT-SCAN-GTH-q12 | DZVP-MOLOPT-MGGA-GTH-q12,GTH,12,10,GTH-SCAN-q12
V,23,TZV2P-MOLOPT-UZH-SCAN-GTH-q13,TZV2P-MOLOPT-SCAN-GTH-q13 | TZV2P-MOLOPT-MGGA-GTH-q13,GTH,13,10,GTH-SCAN-q13
V,23,TZVP-MOLOPT-UZH-SCAN-GTH-q13,TZVP-MOLOPT-SCAN-GTH-q13 | TZVP-MOLOPT-MGGA-GTH-q13,GTH,13,10,GTH-SCAN-q13
V,23,DZVP-MOLOPT-UZH-SCAN-GTH-q13,DZVP-MOLOPT-SCAN-GTH-q13 | DZVP-MOLOPT-MGGA-GTH-q13,GTH,13,10,GTH-SCAN-q13
Cr,24,TZV2P-MOLOPT-UZH-SCAN-GTH-q14,TZV2P-MOLOPT-SCAN-GTH-q14 | TZV2P-MOLOPT-MGGA-GTH-q14,GTH,14,10,GTH-SCAN-q14
Cr,24,TZVP-MOLOPT-UZH-SCAN-GTH-q14,TZVP-MOLOPT-SCAN-GTH-q14 | TZVP-MOLOPT-MGGA-GTH-q14,GTH,14,10,GTH-SCAN-q14
Cr,24,DZVP-MOLOPT-UZH-SCAN-GTH-q14,DZVP-MOLOPT-SCAN-GTH-q14 | DZVP-MOLOPT-MGGA-GTH-q14,GTH,14,10,GTH-SCAN-q14
Mn,25,TZV2P-MOLOPT-UZH-SCAN-GTH-q15,TZV2P-MOLOPT-SCAN-GTH-q15 | TZV2P-MOLOPT-MGGA-GTH-q15,GTH,15,10,GTH-SCAN-q15
Mn,25,TZVP-MOLOPT-UZH-SCAN-GTH-q15,TZVP-MOLOPT-SCAN-GTH-q15 | TZVP-MOLOPT-MGGA-GTH-q15,GTH,15,10,GTH-SCAN-q15
Mn,25,DZVP-MOLOPT-UZH-SCAN-GTH-q15,DZVP-MOLOPT-SCAN-GTH-q15 | DZVP-MOLOPT-MGGA-GTH-q15,GTH,15,10,GTH-SCAN-q15
Fe,26,TZV2P-MOLOPT-UZH-SCAN-GTH-q16,TZV2P-MOLOPT-SCAN-GTH-q16 | TZV2P-MOLOPT-MGGA-GTH-q16,GTH,16,10,GTH-SCAN-q16
Fe,26,TZVP-MOLOPT-UZH-SCAN-GTH-q16,TZVP-MOLOPT-SCAN-GTH-q16 | TZVP-MOLOPT-MGGA-GTH-q16,GTH,16,10,GTH-SCAN-q16
Fe,26,DZVP-MOLOPT-UZH-SCAN-GTH-q16,DZVP-MOLOPT-SCAN-GTH-q16 | DZVP-MOLOPT-MGGA-GTH-q16,GTH,16,10,GTH-SCAN-q16
Co,27,TZV2P-MOLOPT-UZH-SCAN-GTH-q17,TZV2P-MOLOPT-SCAN-GTH-q17 | TZV2P-MOLOPT-MGGA-GTH-q17,GTH,17,10,GTH-SCAN-q17
Co,27,TZVP-MOLOPT-UZH-SCAN-GTH-q17,TZVP-MOLOPT-SCAN-GTH-q17 | TZVP-MOLOPT-MGGA-GTH-q17,GTH,17,10,GTH-SCAN-q17
Co,27,DZVP-MOLOPT-UZH-SCAN-GTH-q17,DZVP-MOLOPT-SCAN-GTH-q17 | DZVP-MOLOPT-MGGA-GTH-q17,GTH,17,10,GTH-SCAN-q17
Ni,28,TZV2P-MOLOPT-UZH-SCAN-GTH-q18,TZV2P-MOLOPT-SCAN-GTH-q18 | TZV2P-MOLOPT-MGGA-GTH-q18,GTH,18,10,GTH-SCAN-q18
Ni,28,TZVP-MOLOPT-UZH-SCAN-GTH-q18,TZVP-MOLOPT-SCAN-GTH-q18 | TZVP-MOLOPT-MGGA-GTH-q18,GTH,18,10,GTH-SCAN-q18
Ni,28,DZVP-MOLOPT-UZH-SCAN-GTH-q18,DZVP-MOLOPT-SCAN-GTH-q18 | DZVP-MOLOPT-MGGA-GTH-q18,GTH,18,10,GTH-SCAN-q18
Cu,29,TZV2P-MOLOPT-UZH-SCAN-GTH-q11,TZV2P-MOLOPT-SCAN-GTH-q11 | TZV2P-MOLOPT-MGGA-GTH-q11,GTH,11,18,GTH-SCAN-q11
Cu,29,TZVP-MOLOPT-UZH-SCAN-GTH-q11,TZVP-MOLOPT-SCAN-GTH-q11 | TZVP-MOLOPT-MGGA-GTH-q11,GTH,11,18,GTH-SCAN-q11
Cu,29,DZVP-MOLOPT-UZH-SCAN-GTH-q11,DZVP-MOLOPT-SCAN-GTH-q11 | DZVP-MOLOPT-MGGA-GTH-q11,GTH,11,18,GTH-SCAN-q11
Zn,30,TZV2P-MOLOPT-UZH-SCAN-GTH-q12,TZV2P-MOLOPT-SCAN-GTH-q12 | TZV2P-MOLOPT-MGGA-GTH-q12,GTH,12,18,GTH-SCAN-q12
Zn,30,TZVP-MOLOPT-UZH-SCAN-GTH-q12,TZVP-MOLOPT-SCAN-GTH-q12 | TZVP-MOLOPT-MGGA-GTH-q12,GTH,12,18,GTH-SCAN-q12
Zn,30,DZVP-MOLOPT-UZH-SCAN-GTH-q12,DZVP-MOLOPT-SCAN-GTH-q12 | DZVP-MOLOPT-MGGA-GTH-q12,GTH,12,18,GTH-SCAN-q12
Ga,31,TZV2P-MOLOPT-UZH-SCAN-GTH-q13,TZV2P-MOLOPT-SCAN-GTH-q13 | TZV2P-MOLOPT-MGGA-GTH-q13,GTH,13,18,GTH-SCAN-q13
Ga,31,TZVP-MOLOPT-UZH-SCAN-GTH-q13,TZVP-MOLOPT-SCAN-GTH-q13 | TZVP-MOLOPT-MGGA-GTH-q13,GTH,13,18,GTH-SCAN-q13
Ga,31,DZVP-MOLOPT-UZH-SCAN-GTH-q13,DZVP-MOLOPT-SCAN-GTH-q13 | DZVP-MOLOPT-MGGA-GTH-q13,GTH,13,18,GTH-SCAN-q13
Ge,32,TZV2P-MOLOPT-UZH-SCAN-GTH-q4,TZV2P-MOLOPT-SCAN-GTH-q4 | TZV2P-MOLOPT-MGGA-GTH-q4,GTH,4,28,GTH-SCAN-q4
Ge,32,TZVP-MOLOPT-UZH-SCAN-GTH-q4,TZVP-MOLOPT-SCAN-GTH-q4 | TZVP-MOLOPT-MGGA-GTH-q4,GTH,4,28,GTH-SCAN-q4
Ge,32,DZVP-MOLOPT-UZH-SCAN-GTH-q4,DZVP-MOLOPT-SCAN-GTH-q4 | DZVP-MOLOPT-MGGA-GTH-q4,GTH,4,28,GTH-SCAN-q4
As,33,TZV2P-MOLOPT-UZH-SCAN-GTH-q5,TZV2P-MOLOPT-SCAN-GTH-q5 | TZV2P-MOLOPT-MGGA-GTH-q5,GTH,5,28,GTH-SCAN-q5
As,33,TZVP-MOLOPT-UZH-SCAN-GTH-q5,TZVP-MOLOPT-SCAN-GTH-q5 | TZVP-MOLOPT-MGGA-GTH-q5,GTH,5,28,GTH-SCAN-q5
As,33,DZVP-MOLOPT-UZH-SCAN-GTH-q5,DZVP-MOLOPT-SCAN-GTH-q5 | DZVP-MOLOPT-MGGA-GTH-q5,GTH,5,28,GTH-SCAN-q5
Se,34,TZV2P-MOLOPT-UZH-SCAN-GTH-q6,TZV2P-MOLOPT-SCAN-GTH-q6 | TZV2P-MOLOPT-MGGA-GTH-q6,GTH,6,28,GTH-SCAN-q6
Se,34,TZVP-MOLOPT-UZH-SCAN-GTH-q6,TZVP-MOLOPT-SCAN-GTH-q6 | TZVP-MOLOPT-MGGA-GTH-q6,GTH,6,28,GTH-SCAN-q6
Se,34,DZVP-MOLOPT-UZH-SCAN-GTH-q6,DZVP-MOLOPT-SCAN-GTH-q6 | DZVP-MOLOPT-MGGA-GTH-q6,GTH,6,28,GTH-SCAN-q6
Br,35,TZV2P-MOLOPT-UZH-SCAN-GTH-q7,TZV2P-MOLOPT-SCAN-GTH-q7 | TZV2P-MOLOPT-MGGA-GTH-q7,GTH,7,28,GTH-SCAN-q7
Br,35,TZVP-MOLOPT-UZH-SCAN-GTH-q7,TZVP-MOLOPT-SCAN-GTH-q7 | TZVP-MOLOPT-MGGA-GTH-q7,GTH,7,28,GTH-SCAN-q7
Br,35,DZVP-MOLOPT-UZH-SCAN-GTH-q7,DZVP-MOLOPT-SCAN-GTH-q7 | DZVP-MOLOPT-MGGA-GTH-q7,GTH,7,28,GTH-SCAN-q7
Kr,36,TZV2P-MOLOPT-UZH-SCAN-GTH-q8,TZV2P-MOLOPT-SCAN-GTH-q8 | TZV2P-MOLOPT-MGGA-GTH-q8,GTH,8,28,GTH-SCAN-q8
Kr,36,TZVP-MOLOPT-UZH-SCAN-GTH-q8,TZVP-MOLOPT-SCAN-GTH-q8 | TZVP-MOLOPT-MGGA-GTH-q8,GTH,8,28,GTH-SCAN-q8
Kr,36,DZVP-MOLOPT-UZH-SCAN-GTH-q8,DZVP-MOLOPT-SCAN-GTH-q8 | DZVP-MOLOPT-MGGA-GTH-q8,GTH,8,28,GTH-SCAN-q8
Rb,37,TZV2P-MOLOPT-UZH-SCAN-GTH-q9,TZV2P-MOLOPT-SCAN-GTH-q9 | TZV2P-MOLOPT-MGGA-GTH-q9,GTH,9,28,GTH-SCAN-q9
Rb,37,TZVP-MOLOPT-UZH-SCAN-GTH-q9,TZVP-MOLOPT-SCAN-GTH-q9 | TZVP-MOLOPT-MGGA-GTH-q9,GTH,9,28,GTH-SCAN-q9
Rb,37,DZVP-MOLOPT-UZH-SCAN-GTH-q9,DZVP-MOLOPT-SCAN-GTH-q9 | DZVP-MOLOPT-MGGA-GTH-q9,GTH,9,28,GTH-SCAN-q9
Sr,38,TZV2P-MOLOPT-UZH-SCAN-GTH-q10,TZV2P-MOLOPT-SCAN-GTH-q10 | TZV2P-MOLOPT-MGGA-GTH-q10,GTH,10,28,GTH-SCAN-q10
Sr,38,TZVP-MOLOPT-UZH-SCAN-GTH-q10,TZVP-MOLOPT-SCAN-GTH-q10 | TZVP-MOLOPT-MGGA-GTH-q10,GTH,10,28,GTH-SCAN-q10
Sr,38,DZVP-MOLOPT-UZH-SCAN-GTH-q10,DZVP-MOLOPT-SCAN-GTH-q10 | DZVP-MOLOPT-MGGA-GTH-q10,GTH,10,28,GTH-SCAN-q10
Y,39,TZV2P-MOLOPT-UZH-SCAN-GTH-q11,TZV2P-MOLOPT-SCAN-GTH-q11 | TZV2P-MOLOPT-MGGA-GTH-q11,GTH,11,28,GTH-SCAN-q11
Y,39,TZVP-MOLOPT-UZH-SCAN-GTH-q11,TZVP-MOLOPT-SCAN-GTH-q11 | TZVP-MOLOPT-MGGA-GTH-q11,GTH,11,28,GTH-SCAN-q11
Y,39,DZVP-MOLOPT-UZH-SCAN-GTH-q11,DZVP-MOLOPT-SCAN-GTH-q11 | DZVP-MOLOPT-MGGA-GTH-q11,GTH,11,28,GTH-SCAN-q11
Zr,40,TZV2P-MOLOPT-UZH-SCAN-GTH-q12,TZV2P-MOLOPT-SCAN-GTH-q12 | TZV2P-MOLOPT-MGGA-GTH-q12,GTH,12,28,GTH-SCAN-q12
Zr,40,TZVP-MOLOPT-UZH-SCAN-GTH-q12,TZVP-MOLOPT-SCAN-GTH-q12 | TZVP-MOLOPT-MGGA-GTH-q12,GTH,12,28,GTH-SCAN-q12
Zr,40,DZVP-MOLOPT-UZH-SCAN-GTH-q12,DZVP-MOLOPT-SCAN-GTH-q12 | DZVP-MOLOPT-MGGA-GTH-q12,GTH,12,28,GTH-SCAN-q12
Nb,41,TZV2P-MOLOPT-UZH-SCAN-GTH-q13,TZV2P-MOLOPT-SCAN-GTH-q13 | TZV2P-MOLOPT-MGGA-GTH-q13,GTH,13,28,GTH-SCAN-q13
Nb,41,TZVP-MOLOPT-UZH-SCAN-GTH-q13,TZVP-MOLOPT-SCAN-GTH-q13 | TZVP-MOLOPT-MGGA-GTH-q13,GTH,13,28,GTH-SCAN-q13
Nb,41,DZVP-MOLOPT-UZH-SCAN-GTH-q13,DZVP-MOLOPT-SCAN-GTH-q13 | DZVP-MOLOPT-MGGA-GTH-q13,GTH,13,28,GTH-SCAN-q13
Mo,42,TZV2P-MOLOPT-UZH-SCAN-GTH-q14,TZV2P-MOLOPT-SCAN-GTH-q14 | TZV2P-MOLOPT-MGGA-GTH-q14,GTH,14,28,GTH-SCAN-q14
Mo,42,TZVP-MOLOPT-UZH-SCAN-GTH-q14,TZVP-MOLOPT-SCAN-GTH-q14 | TZVP-MOLOPT-MGGA-GTH-q14,GTH,14,28,GTH-SCAN-q14
Mo,42,DZVP-MOLOPT-UZH-SCAN-GTH-q14,DZVP-MOLOPT-SCAN-GTH-q14 | DZVP-MOLOPT-MGGA-GTH-q14,GTH,14,28,GTH-SCAN-q14
Tc,43,TZV2P-MOLOPT-UZH-SCAN-GTH-q15,TZV2P-MOLOPT-SCAN-GTH-q15 | TZV2P-MOLOPT-MGGA-GTH-q15,GTH,15,28,GTH-SCAN-q15
Tc,43,TZVP-MOLOPT-UZH-SCAN-GTH-q15,TZVP-MOLOPT-SCAN-GTH-q15 | TZVP-MOLOPT-MGGA-GTH-q15,GTH,15,28,GTH-SCAN-q15
Tc,43,DZVP-MOLOPT-UZH-SCAN-GTH-q15,DZVP-MOLOPT-SCAN-GTH-q15 | DZVP-MOLOPT-MGGA-GTH-q15,GTH,15,28,GTH-SCAN-q15
Ru,44,TZV2P-MOLOPT-UZH-SCAN-GTH-q16,TZV2P-MOLOPT-SCAN-GTH-q16 | TZV2P-MOLOPT-MGGA-GTH-q16,GTH,16,28,GTH-SCAN-q16
Ru,44,TZVP-MOLOPT-UZH-SCAN-GTH-q16,TZVP-MOLOPT-SCAN-GTH-q16 | TZVP-MOLOPT-MGGA-GTH-q16,GTH,16,28,GTH-SCAN-q16
Ru,44,DZVP-MOLOPT-UZH-SCAN-GTH-q16,DZVP-MOLOPT-SCAN-GTH-q16 | DZVP-MOLOPT-MGGA-GTH-q16,GTH,16,28,GTH-SCAN-q16
Rh,45,TZV2P-MOLOPT-UZH-SCAN-GTH-q17,TZV2P-MOLOPT-SCAN-GTH-q17 | TZV2P-MOLOPT-MGGA-GTH-q17,GTH,17,28,GTH-SCAN-q17
Rh,45,TZVP-MOLOPT-UZH-SCAN-GTH-q17,TZVP-MOLOPT-SCAN-GTH-q17 | TZVP-MOLOPT-MGGA-GTH-q17,GTH,17,28,GTH-SCAN-q17
Rh,45,DZVP-MOLOPT-UZH-SCAN-GTH-q17,DZVP-MOLOPT-SCAN-GTH-q17 | DZVP-MOLOPT-MGGA-GTH-q17,GTH,17,28,GTH-SCAN-q17
Pd,46,TZV2P-MOLOPT-UZH-SCAN-GTH-q18,TZV2P-MOLOPT-SCAN-GTH-q18 | TZV2P-MOLOPT-MGGA-GTH-q18,GTH,18,28,GTH-SCAN-q18
Pd,46,TZVP-MOLOPT-UZH-SCAN-GTH-q18,TZVP-MOLOPT-SCAN-GTH-q18 | TZVP-MOLOPT-MGGA-GTH-q18,GTH,18,28,GTH-SCAN-q18
Pd,46,DZVP-MOLOPT-UZH-SCAN-GTH-q18,DZVP-MOLOPT-SCAN-GTH-q18 | DZVP-MOLOPT-MGGA-GTH-q18,GTH,18,28,GTH-SCAN-q18
Ag,47,TZV2P-MOLOPT-UZH-SCAN-GTH-q11,TZV2P-MOLOPT-SCAN-GTH-q11 | TZV2P-MOLOPT-MGGA-GTH-q11,GTH,11,36,GTH-SCAN-q11
Ag,47,TZVP-MOLOPT-UZH-SCAN-GTH-q11,TZVP-MOLOPT-SCAN-GTH-q11 | TZVP-MOLOPT-MGGA-GTH-q11,GTH,11,36,GTH-SCAN-q11
Ag,47,DZVP-MOLOPT-UZH-SCAN-GTH-q11,DZVP-MOLOPT-SCAN-GTH-q11 | DZVP-MOLOPT-MGGA-GTH-q11,GTH,11,36,GTH-SCAN-q11
Cd,48,TZV2P-MOLOPT-UZH-SCAN-GTH-q12,TZV2P-MOLOPT-SCAN-GTH-q12 | TZV2P-MOLOPT-MGGA-GTH-q12,GTH,12,36,GTH-SCAN-q12
Cd,48,TZVP-MOLOPT-UZH-SCAN-GTH-q12,TZVP-MOLOPT-SCAN-GTH-q12 | TZVP-MOLOPT-MGGA-GTH-q12,GTH,12,36,GTH-SCAN-q12
Cd,48,DZVP-MOLOPT-UZH-SCAN-GTH-q12,DZVP-MOLOPT-SCAN-GTH-q12 | DZVP-MOLOPT-MGGA-GTH-q12,GTH,12,36,GTH-SCAN-q12
In,49,TZV2P-MOLOPT-UZH-SCAN-GTH-q13,TZV2P-MOLOPT-SCAN-GTH-q13 | TZV2P-MOLOPT-MGGA-GTH-q13,GTH,13,36,GTH-SCAN-q13
In,49,TZVP-MOLOPT-UZH-SCAN-GTH-q13,TZVP-MOLOPT-SCAN-GTH-q13 | TZVP-MOLOPT-MGGA-GTH-q13,GTH,13,36,GTH-SCAN-q13
In,49,DZVP-MOLOPT-UZH-SCAN-GTH-q13,DZVP-MOLOPT-SCAN-GTH-q13 | DZVP-MOLOPT-MGGA-GTH-q13,GTH,13,36,GTH-SCAN-q13
Sn,50,TZV2P-MOLOPT-UZH-SCAN-GTH-q4,TZV2P-MOLOPT-SCAN-GTH-q4 | TZV2P-MOLOPT-MGGA-GTH-q4,GTH,4,46,GTH-SCAN-q4
Sn,50,TZVP-MOLOPT-UZH-SCAN-GTH-q4,TZVP-MOLOPT-SCAN-GTH-q4 | TZVP-MOLOPT-MGGA-GTH-q4,GTH,4,46,GTH-SCAN-q4
Sn,50,DZVP-MOLOPT-UZH-SCAN-GTH-q4,DZVP-MOLOPT-SCAN-GTH-q4 | DZVP-MOLOPT-MGGA-GTH-q4,GTH,4,46,GTH-SCAN-q4
Sb,51,TZV2P-MOLOPT-UZH-SCAN-GTH-q5,TZV2P-MOLOPT-SCAN-GTH-q5 | TZV2P-MOLOPT-MGGA-GTH-q5,GTH,5,46,GTH-SCAN-q5
Sb,51,TZVP-MOLOPT-UZH-SCAN-GTH-q5,TZVP-MOLOPT-SCAN-GTH-q5 | TZVP-MOLOPT-MGGA-GTH-q5,GTH,5,46,GTH-SCAN-q5
Sb,51,DZVP-MOLOPT-UZH-SCAN-GTH-q5,DZVP-MOLOPT-SCAN-GTH-q5 | DZVP-MOLOPT-MGGA-GTH-q5,GTH,5,46,GTH-SCAN-q5
Te,52,TZV2P-MOLOPT-UZH-SCAN-GTH-q6,TZV2P-MOLOPT-SCAN-GTH-q6 | TZV2P-MOLOPT-MGGA-GTH-q6,GTH,6,46,GTH-SCAN-q6
Te,52,TZVP-MOLOPT-UZH-SCAN-GTH-q6,TZVP-MOLOPT-SCAN-GTH-q6 | TZVP-MOLOPT-MGGA-GTH-q6,GTH,6,46,GTH-SCAN-q6
Te,52,DZVP-MOLOPT-UZH-SCAN-GTH-q6,DZVP-MOLOPT-SCAN-GTH-q6 | DZVP-MOLOPT-MGGA-GTH-q6,GTH,6,46,GTH-SCAN-q6
I,53,TZV2P-MOLOPT-UZH-SCAN-GTH-q7,TZV2P-MOLOPT-SCAN-GTH-q7 | TZV2P-MOLOPT-MGGA-GTH-q7,GTH,7,46,GTH-SCAN-q7
I,53,TZVP-MOLOPT-UZH-SCAN-GTH-q7,TZVP-MOLOPT-SCAN-GTH-q7 | TZVP-MOLOPT-MGGA-GTH-q7,GTH,7,46,GTH-SCAN-q7
I,53,DZVP-MOLOPT-UZH-SCAN-GTH-q7,DZVP-MOLOPT-SCAN-GTH-q7 | DZVP-MOLOPT-MGGA-GTH-q7,GTH,7,46,GTH-SCAN-q7
Xe,54,TZV2P-MOLOPT-UZH-SCAN-GTH-q8,TZV2P-MOLOPT-SCAN-GTH-q8 | TZV2P-MOLOPT-MGGA-GTH-q8,GTH,8,46,GTH-SCAN-q8
Xe,54,TZVP-MOLOPT-UZH-SCAN-GTH-q8,TZVP-MOLOPT-SCAN-GTH-q8 | TZVP-MOLOPT-MGGA-GTH-q8,GTH,8,46,GTH-SCAN-q8
Xe,54,DZVP-MOLOPT-UZH-SCAN-GTH-q8,DZVP-MOLOPT-SCAN-GTH-q8 | DZVP-MOLOPT-MGGA-GTH-q8,GTH,8,46,GTH-SCAN-q8
Cs,55,TZV2P-MOLOPT-UZH-SCAN-GTH-q9,TZV2P-MOLOPT-SCAN-GTH-q9 | TZV2P-MOLOPT-MGGA-GTH-q9,GTH,9,46,GTH-SCAN-q9
Cs,55,TZVP-MOLOPT-UZH-SCAN-GTH-q9,TZVP-MOLOPT-SCAN-GTH-q9 | TZVP-MOLOPT-MGGA-GTH-q9,GTH,9,46,GTH-SCAN-q9
Cs,55,DZVP-MOLOPT-UZH-SCAN-GTH-q9,DZVP-MOLOPT-SCAN-GTH-q9 | DZVP-MOLOPT-MGGA-GTH-q9,GTH,9,46,GTH-SCAN-q9
Ba,56,TZV2P-MOLOPT-UZH-SCAN-GTH-q10,TZV2P-MOLOPT-SCAN-GTH-q10 | TZV2P-MOLOPT-MGGA-GTH-q10,GTH,10,46,GTH-SCAN-q10
Ba,56,TZVP-MOLOPT-UZH-SCAN-GTH-q10,TZVP-MOLOPT-SCAN-GTH-q10 | TZVP-MOLOPT-MGGA-GTH-q10,GTH,10,46,GTH-SCAN-q10
Ba,56,DZVP-MOLOPT-UZH-SCAN-GTH-q10,DZVP-MOLOPT-SCAN-GTH-q10 | DZVP-MOLOPT-MGGA-GTH-q10,GTH,10,46,GTH-SCAN-q10
Hf,72,TZV2P-MOLOPT-UZH-SCAN-GTH-q12,TZV2P-MOLOPT-SCAN-GTH-q12 | TZV2P-MOLOPT-MGGA-GTH-q12,GTH,12,60,GTH-SCAN-q12
Hf,72,TZVP-MOLOPT-UZH-SCAN-GTH-q12,TZVP-MOLOPT-SCAN-GTH-q12 | TZVP-MOLOPT-MGGA-GTH-q12,GTH,12,60,GTH-SCAN-q12
Hf,72,DZVP-MOLOPT-UZH-SCAN-GTH-q12,DZVP-MOLOPT-SCAN-GTH-q12 | DZVP-MOLOPT-MGGA-GTH-q12,GTH,12,60,GTH-SCAN-q12
Ta,73,TZV2P-MOLOPT-UZH-SCAN-GTH-q13,TZV2P-MOLOPT-SCAN-GTH-q13 | TZV2P-MOLOPT-MGGA-GTH-q13,GTH,13,60,GTH-SCAN-q13
Ta,73,TZVP-MOLOPT-UZH-SCAN-GTH-q13,TZVP-MOLOPT-SCAN-GTH-q13 | TZVP-MOLOPT-MGGA-GTH-q13,GTH,13,60,GTH-SCAN-q13
Ta,73,DZVP-MOLOPT-UZH-SCAN-GTH-q13,DZVP-MOLOPT-SCAN-GTH-q13 | DZVP-MOLOPT-MGGA-GTH-q13,GTH,13,60,GTH-SCAN-q13
W,74,TZV2P-MOLOPT-UZH-SCAN-GTH-q14,TZV2P-MOLOPT-SCAN-GTH-q14 | TZV2P-MOLOPT-MGGA-GTH-q14,GTH,14,60,GTH-SCAN-q14
W,74,TZVP-MOLOPT-UZH-SCAN-GTH-q14,TZVP-MOLOPT-SCAN-GTH-q14 | TZVP-MOLOPT-MGGA-GTH-q14,GTH,14,60,GTH-SCAN-q14
W,74,DZVP-MOLOPT-UZH-SCAN-GTH-q14,DZVP-MOLOPT-SCAN-GTH-q14 | DZVP-MOLOPT-MGGA-GTH-q14,GTH,14,60,GTH-SCAN-q14
Re,75,TZV2P-MOLOPT-UZH-SCAN-GTH-q15,TZV2P-MOLOPT-SCAN-GTH-q15 | TZV2P-MOLOPT-MGGA-GTH-q15,GTH,15,60,GTH-SCAN-q15
Re,75,TZVP-MOLOPT-UZH-SCAN-GTH-q15,TZVP-MOLOPT-SCAN-GTH-q15 | TZVP-MOLOPT-MGGA-GTH-q15,GTH,15,60,GTH-SCAN-q15
Re,75,DZVP-MOLOPT-UZH-SCAN-GTH-q15,DZVP-MOLOPT-SCAN-GTH-q15 | DZVP-MOLOPT-MGGA-GTH-q15,GTH,15,60,GTH-SCAN-q15
Os,76,TZV2P-MOLOPT-UZH-SCAN-GTH-q16,TZV2P-MOLOPT-SCAN-GTH-q16 | TZV2P-MOLOPT-MGGA-GTH-q16,GTH,16,60,GTH-SCAN-q16
Os,76,TZVP-MOLOPT-UZH-SCAN-GTH-q16,TZVP-MOLOPT-SCAN-GTH-q16 | TZVP-MOLOPT-MGGA-GTH-q16,GTH,16,60,GTH-SCAN-q16
Os,76,DZVP-MOLOPT-UZH-SCAN-GTH-q16,DZVP-MOLOPT-SCAN-GTH-q16 | DZVP-MOLOPT-MGGA-GTH-q16,GTH,16,60,GTH-SCAN-q16
Ir,77,TZV2P-MOLOPT-UZH-SCAN-GTH-q17,TZV2P-MOLOPT-SCAN-GTH-q17 | TZV2P-MOLOPT-MGGA-GTH-q17,GTH,17,60,GTH-SCAN-q17
Ir,77,TZVP-MOLOPT-UZH-SCAN-GTH-q17,TZVP-MOLOPT-SCAN-GTH-q17 | TZVP-MOLOPT-MGGA-GTH-q17,GTH,17,60,GTH-SCAN-q17
Ir,77,DZVP-MOLOPT-UZH-SCAN-GTH-q17,DZVP-MOLOPT-SCAN-GTH-q17 | DZVP-MOLOPT-MGGA-GTH-q17,GTH,17,60,GTH-SCAN-q17
Pt,78,TZV2P-MOLOPT-UZH-SCAN-GTH-q18,TZV2P-MOLOPT-SCAN-GTH-q18 | TZV2P-MOLOPT-MGGA-GTH-q18,GTH,18,60,GTH-SCAN-q18
Pt,78,TZVP-MOLOPT-UZH-SCAN-GTH-q18,TZVP-MOLOPT-SCAN-GTH-q18 | TZVP-MOLOPT-MGGA-GTH-q18,GTH,18,60,GTH-SCAN-q18
Pt,78,DZVP-MOLOPT-UZH-SCAN-GTH-q18,DZVP-MOLOPT-SCAN-GTH-q18 | DZVP-MOLOPT-MGGA-GTH-q18,GTH,18,60,GTH-SCAN-q18
Au,79,TZV2P-MOLOPT-UZH-SCAN-GTH-q11,TZV2P-MOLOPT-SCAN-GTH-q11 | TZV2P-MOLOPT-MGGA-GTH-q11,GTH,11,68,GTH-SCAN-q11
Au,79,TZVP-MOLOPT-UZH-SCAN-GTH-q11,TZVP-MOLOPT-SCAN-GTH-q11 | TZVP-MOLOPT-MGGA-GTH-q11,GTH,11,68,GTH-SCAN-q11
Au,79,DZVP-MOLOPT-UZH-SCAN-GTH-q11,DZVP-MOLOPT-SCAN-GTH-q11 | DZVP-MOLOPT-MGGA-GTH-q11,GTH,11,68,GTH-SCAN-q11
Au,79,TZV2P-MOLOPT-UZH-SCAN-GTH-q19,TZV2P-MOLOPT-SCAN-GTH-q19 | TZV2P-MOLOPT-MGGA-GTH-q19,GTH,19,60,GTH-SCAN-q19
Au,79,TZVP-MOLOPT-UZH-SCAN-GTH-q19,TZVP-MOLOPT-SCAN-GTH-q19 | TZVP-MOLOPT-MGGA-GTH-q19,GTH,19,60,GTH-SCAN-q19
Au,79,DZVP-MOLOPT-UZH-SCAN-GTH-q19,DZVP-MOLOPT-SCAN-GTH-q19 | DZVP-MOLOPT-MGGA-GTH-q19,GTH,19,60,GTH-SCAN-q19
Hg,80,TZV2P-MOLOPT-UZH-SCAN-GTH-q12,TZV2P-MOLOPT-SCAN-GTH-q12 | TZV2P-MOLOPT-MGGA-GTH-q12,GTH,12,68,GTH-SCAN-q12
Hg,80,TZVP-MOLOPT-UZH-SCAN-GTH-q12,TZVP-MOLOPT-SCAN-GTH-q12 | TZVP-MOLOPT-MGGA-GTH-q12,GTH,12,68,GTH-SCAN-q12
Hg,80,DZVP-MOLOPT-UZH-SCAN-GTH-q12,DZVP-MOLOPT-SCAN-GTH-q12 | DZVP-MOLOPT-MGGA-GTH-q12,GTH,12,68,GTH-SCAN-q12
Tl,81,TZV2P-MOLOPT-UZH-SCAN-GTH-q13,TZV2P-MOLOPT-SCAN-GTH-q13 | TZV2P-MOLOPT-MGGA-GTH-q13,GTH,13,68,GTH-SCAN-q13
Tl,81,TZVP-MOLOPT-UZH-SCAN-GTH-q13,TZVP-MOLOPT-SCAN-GTH-q13 | TZVP-MOLOPT-MGGA-GTH-q13,GTH,13,68,GTH-SCAN-q13
Tl,81,DZVP-MOLOPT-UZH-SCAN-GTH-q13,DZVP-MOLOPT-SCAN-GTH-q13 | DZVP-MOLOPT-MGGA-GTH-q13,GTH,13,68,GTH-SCAN-q13
Pb,82,TZV2P-MOLOPT-UZH-SCAN-GTH-q4,TZV2P-MOLOPT-SCAN-GTH-q4 | TZV2P-MOLOPT-MGGA-GTH-q4,GTH,4,78,GTH-SCAN-q4
Pb,82,TZVP-MOLOPT-UZH-SCAN-GTH-q4,TZVP-MOLOPT-SCAN-GTH-q4 | TZVP-MOLOPT-MGGA-GTH-q4,GTH,4,78,GTH-SCAN-q4
Pb,82,DZVP-MOLOPT-UZH-SCAN-GTH-q4,DZVP-MOLOPT-SCAN-GTH-q4 | DZVP-MOLOPT-MGGA-GTH-q4,GTH,4,78,GTH-SCAN-q4
Bi,83,TZV2P-MOLOPT-UZH-SCAN-GTH-q5,TZV2P-MOLOPT-SCAN-GTH-q5 | TZV2P-MOLOPT-MGGA-GTH-q5,GTH,5,78,GTH-SCAN-q5
Bi,83,TZVP-MOLOPT-UZH-SCAN-GTH-q5,TZVP-MOLOPT-SCAN-GTH-q5 | TZVP-MOLOPT-MGGA-GTH-q5,GTH,5,78,GTH-SCAN-q5
Bi,83,DZVP-MOLOPT-UZH-SCAN-GTH-q5,DZVP-MOLOPT-SCAN-GTH-q5 | DZVP-MOLOPT-MGGA-GTH-q5,GTH,5,78,GTH-SCAN-q5
Po,84,TZV2P-MOLOPT-UZH-SCAN-GTH-q6,TZV2P-MOLOPT-SCAN-GTH-q6 | TZV2P-MOLOPT-MGGA-GTH-q6,GTH,6,78,GTH-SCAN-q6
Po,84,TZVP-MOLOPT-UZH-SCAN-GTH-q6,TZVP-MOLOPT-SCAN-GTH-q6 | TZVP-MOLOPT-MGGA-GTH-q6,GTH,6,78,GTH-SCAN-q6
Po,84,DZVP-MOLOPT-UZH-SCAN-GTH-q6,DZVP-MOLOPT-SCAN-GTH-q6 | DZVP-MOLOPT-MGGA-GTH-q6,GTH,6,78,GTH-SCAN-q6
At,85,TZV2P-MOLOPT-UZH-SCAN-GTH-q7,TZV2P-MOLOPT-SCAN-GTH-q7 | TZV2P-MOLOPT-MGGA-GTH-q7,GTH,7,78,GTH-SCAN-q7
At,85,TZVP-MOLOPT-UZH-SCAN-GTH-q7,TZVP-MOLOPT-SCAN-GTH-q7 | TZVP-MOLOPT-MGGA-GTH-q7,GTH,7,78,GTH-SCAN-q7
At,85,DZVP-MOLOPT-UZH-SCAN-GTH-q7,DZVP-MOLOPT-SCAN-GTH-q7 | DZVP-MOLOPT-MGGA-GTH-q7,GTH,7,78,GTH-SCAN-q7
Rn,86,TZV2P-MOLOPT-UZH-SCAN-GTH-q8,TZV2P-MOLOPT-SCAN-GTH-q8 | TZV2P-MOLOPT-MGGA-GTH-q8,GTH,8,78,GTH-SCAN-q8
Rn,86,TZVP-MOLOPT-UZH-SCAN-GTH-q8,TZVP-MOLOPT-SCAN-GTH-q8 | TZVP-MOLOPT-MGGA-GTH-q8,GTH,8,78,GTH-SCAN-q8
Rn,86,DZVP-MOLOPT-UZH-SCAN-GTH-q8,DZVP-MOLOPT-SCAN-GTH-q8 | DZVP-MOLOPT-MGGA-GTH-q8,GTH,8,78,GTH-SCAN-q8
H,1,TZV2P-MOLOPT-UZH-PBE0-GTH-q1,TZV2P-MOLOPT-PBE0-GTH-q1 | TZV2P-MOLOPT-HYB-GTH-q1,GTH,1,0,GTH-PBE0-q1
H,1,TZVP-MOLOPT-UZH-PBE0-GTH-q1,TZVP-MOLOPT-PBE0-GTH-q1 | TZVP-MOLOPT-HYB-GTH-q1,GTH,1,0,GTH-PBE0-q1
H,1,DZVP-MOLOPT-UZH-PBE0-GTH-q1,DZVP-MOLOPT-PBE0-GTH-q1 | DZVP-MOLOPT-HYB-GTH-q1,GTH,1,0,GTH-PBE0-q1
He,2,TZV2P-MOLOPT-UZH-PBE0-GTH-q2,TZV2P-MOLOPT-PBE0-GTH-q2 | TZV2P-MOLOPT-HYB-GTH-q2,GTH,2,0,GTH-PBE0-q2
He,2,TZVP-MOLOPT-UZH-PBE0-GTH-q2,TZVP-MOLOPT-PBE0-GTH-q2 | TZVP-MOLOPT-HYB-GTH-q2,GTH,2,0,GTH-PBE0-q2
He,2,DZVP-MOLOPT-UZH-PBE0-GTH-q2,DZVP-MOLOPT-PBE0-GTH-q2 | DZVP-MOLOPT-HYB-GTH-q2,GTH,2,0,GTH-PBE0-q2
Li,3,TZV2P-MOLOPT-UZH-PBE0-GTH-q3,TZV2P-MOLOPT-PBE0-GTH-q3 | TZV2P-MOLOPT-HYB-GTH-q3,GTH,3,0,GTH-PBE0-q3
Li,3,TZVP-MOLOPT-UZH-PBE0-GTH-q3,TZVP-MOLOPT-PBE0-GTH-q3 | TZVP-MOLOPT-HYB-GTH-q3,GTH,3,0,GTH-PBE0-q3
Li,3,DZVP-MOLOPT-UZH-PBE0-GTH-q3,DZVP-MOLOPT-PBE0-GTH-q3 | DZVP-MOLOPT-HYB-GTH-q3,GTH,3,0,GTH-PBE0-q3
Be,4,TZV2P-MOLOPT-UZH-PBE0-GTH-q4,TZV2P-MOLOPT-PBE0-GTH-q4 | TZV2P-MOLOPT-HYB-GTH-q4,GTH,4,0,GTH-PBE0-q4
Be,4,TZVP-MOLOPT-UZH-PBE0-GTH-q4,TZVP-MOLOPT-PBE0-GTH-q4 | TZVP-MOLOPT-HYB-GTH-q4,GTH,4,0,GTH-PBE0-q4
Be,4,DZVP-MOLOPT-UZH-PBE0-GTH-q4,DZVP-MOLOPT-PBE0-GTH-q4 | DZVP-MOLOPT-HYB-GTH-q4,GTH,4,0,GTH-PBE0-q4
B,5,TZV2P-MOLOPT-UZH-PBE0-GTH-q3,TZV2P-MOLOPT-PBE0-GTH-q3 | TZV2P-MOLOPT-HYB-GTH-q3,GTH,3,2,GTH-PBE0-q3
B,5,TZVP-MOLOPT-UZH-PBE0-GTH-q3,TZVP-MOLOPT-PBE0-GTH-q3 | TZVP-MOLOPT-HYB-GTH-q3,GTH,3,2,GTH-PBE0-q3
B,5,DZVP-MOLOPT-UZH-PBE0-GTH-q3,DZVP-MOLOPT-PBE0-GTH-q3 | DZVP-MOLOPT-HYB-GTH-q3,GTH,3,2,GTH-PBE0-q3
C,6,TZV2P-MOLOPT-UZH-PBE0-GTH-q4,TZV2P-MOLOPT-PBE0-GTH-q4 | TZV2P-MOLOPT-HYB-GTH-q4,GTH,4,2,GTH-PBE0-q4
C,6,TZVP-MOLOPT-UZH-PBE0-GTH-q4,TZVP-MOLOPT-PBE0-GTH-q4 | TZVP-MOLOPT-HYB-GTH-q4,GTH,4,2,GTH-PBE0-q4
C,6,DZVP-MOLOPT-UZH-PBE0-GTH-q4,DZVP-MOLOPT-PBE0-GTH-q4 | DZVP-MOLOPT-HYB-GTH-q4,GTH,4,2,GTH-PBE0-q4
N,7,TZV2P-MOLOPT-UZH-PBE0-GTH-q5,TZV2P-MOLOPT-PBE0-GTH-q5 | TZV2P-MOLOPT-HYB-GTH-q5,GTH,5,2,GTH-PBE0-q5
N,7,TZVP-MOLOPT-UZH-PBE0-GTH-q5,TZVP-MOLOPT-PBE0-GTH-q5 | TZVP-MOLOPT-HYB-GTH-q5,GTH,5,2,GTH-PBE0-q5
N,7,DZVP-MOLOPT-UZH-PBE0-GTH-q5,DZVP-MOLOPT-PBE0-GTH-q5 | DZVP-MOLOPT-HYB-GTH-q5,GTH,5,2,GTH-PBE0-q5
O,8,TZV2P-MOLOPT-UZH-PBE0-GTH-q6,TZV2P-MOLOPT-PBE0-GTH-q6 | TZV2P-MOLOPT-HYB-GTH-q6,GTH,6,2,GTH-PBE0-q6
O,8,TZVP-MOLOPT-UZH-PBE0-GTH-q6,TZVP-MOLOPT-PBE0-GTH-q6 | TZVP-MOLOPT-HYB-GTH-q6,GTH,6,2,GTH-PBE0-q6
O,8,DZVP-MOLOPT-UZH-PBE0-GTH-q6,DZVP-MOLOPT-PBE0-GTH-q6 | DZVP-MOLOPT-HYB-GTH-q6,GTH,6,2,GTH-PBE0-q6
F,9,TZV2P-MOLOPT-UZH-PBE0-GTH-q7,TZV2P-MOLOPT-PBE0-GTH-q7 | TZV2P-MOLOPT-HYB-GTH-q7,GTH,7,2,GTH-PBE0-q7
F,9,TZVP-MOLOPT-UZH-PBE0-GTH-q7,TZVP-MOLOPT-PBE0-GTH-q7 | TZVP-MOLOPT-HYB-GTH-q7,GTH,7,2,GTH-PBE0-q7
F,9,DZVP-MOLOPT-UZH-PBE0-GTH-q7,DZVP-MOLOPT-PBE0-GTH-q7 | DZVP-MOLOPT-HYB-GTH-q7,GTH,7,2,GTH-PBE0-q7
Ne,10,TZV2P-MOLOPT-UZH-PBE0-GTH-q8,TZV2P-MOLOPT-PBE0-GTH-q8 | TZV2P-MOLOPT-HYB-GTH-q8,GTH,8,2,GTH-PBE0-q8
Ne,10,TZVP-MOLOPT-UZH-PBE0-GTH-q8,TZVP-MOLOPT-PBE0-GTH-q8 | TZVP-MOLOPT-HYB-GTH-q8,GTH,8,2,GTH-PBE0-q8
Ne,10,DZVP-MOLOPT-UZH-PBE0-GTH-q8,DZVP-MOLOPT-PBE0-GTH-q8 | DZVP-MOLOPT-HYB-GTH-q8,GTH,8,2,GTH-PBE0-q8
Na,11,TZV2P-MOLOPT-UZH-PBE0-GTH-q9,TZV2P-MOLOPT-PBE0-GTH-q9 | TZV2P-MOLOPT-HYB-GTH-q9,GTH,9,2,GTH-PBE0-q9
Na,11,TZVP-MOLOPT-UZH-PBE0-GTH-q9,TZVP-MOLOPT-PBE0-GTH-q9 | TZVP-MOLOPT-HYB-GTH-q9,GTH,9,2,GTH-PBE0-q9
Na,11,DZVP-MOLOPT-UZH-PBE0-GTH-q9,DZVP-MOLOPT-PBE0-GTH-q9 | DZVP-MOLOPT-HYB-GTH-q9,GTH,9,2,GTH-PBE0-q9
Mg,12,TZV2P-MOLOPT-UZH-PBE0-GTH-q10,TZV2P-MOLOPT-PBE0-GTH-q10 | TZV2P-MOLOPT-HYB-GTH-q10,GTH,10,2,GTH-PBE0-q10
Mg,12,TZVP-MOLOPT-UZH-PBE0-GTH-q10,TZVP-MOLOPT-PBE0-GTH-q10 | TZVP-MOLOPT-HYB-GTH-q10,GTH,10,2,GTH-PBE0-q10
Mg,12,DZVP-MOLOPT-UZH-PBE0-GTH-q10,DZVP-MOLOPT-PBE0-GTH-q10 | DZVP-MOLOPT-HYB-GTH-q10,GTH,10,2,GTH-PBE0-q10
Al,13,TZV2P-MOLOPT-UZH-PBE0-GTH-q3,TZV2P-MOLOPT-PBE0-GTH-q3 | TZV2P-MOLOPT-HYB-GTH-q3,GTH,3,10,GTH-PBE0-q3
Al,13,TZVP-MOLOPT-UZH-PBE0-GTH-q3,TZVP-MOLOPT-PBE0-GTH-q3 | TZVP-MOLOPT-HYB-GTH-q3,GTH,3,10,GTH-PBE0-q3
Al,13,DZVP-MOLOPT-UZH-PBE0-GTH-q3,DZVP-MOLOPT-PBE0-GTH-q3 | DZVP-MOLOPT-HYB-GTH-q3,GTH,3,10,GTH-PBE0-q3
Si,14,TZV2P-MOLOPT-UZH-PBE0-GTH-q4,TZV2P-MOLOPT-PBE0-GTH-q4 | TZV2P-MOLOPT-HYB-GTH-q4,GTH,4,10,GTH-PBE0-q4
Si,14,TZVP-MOLOPT-UZH-PBE0-GTH-q4,TZVP-MOLOPT-PBE0-GTH-q4 | TZVP-MOLOPT-HYB-GTH-q4,GTH,4,10,GTH-PBE0-q4
Si,14,DZVP-MOLOPT-UZH-PBE0-GTH-q4,DZVP-MOLOPT-PBE0-GTH-q4 | DZVP-MOLOPT-HYB-GTH-q4,GTH,4,10,GTH-PBE0-q4
P,15,TZV2P-MOLOPT-UZH-PBE0-GTH-q5,TZV2P-MOLOPT-PBE0-GTH-q5 | TZV2P-MOLOPT-HYB-GTH-q5,GTH,5,10,GTH-PBE0-q5
P,15,TZVP-MOLOPT-UZH-PBE0-GTH-q5,TZVP-MOLOPT-PBE0-GTH-q5 | TZVP-MOLOPT-HYB-GTH-q5,GTH,5,10,GTH-PBE0-q5
P,15,DZVP-MOLOPT-UZH-PBE0-GTH-q5,DZVP-MOLOPT-PBE0-GTH-q5 | DZVP-MOLOPT-HYB-GTH-q5,GTH,5,10,GTH-PBE0-q5
S,16,TZV2P-MOLOPT-UZH-PBE0-GTH-q6,TZV2P-MOLOPT-PBE0-GTH-q6 | TZV2P-MOLOPT-HYB-GTH-q6,GTH,6,10,GTH-PBE0-q6
S,16,TZVP-MOLOPT-UZH-PBE0-GTH-q6,TZVP-MOLOPT-PBE0-GTH-q6 | TZVP-MOLOPT-HYB-GTH-q6,GTH,6,10,GTH-PBE0-q6
S,16,DZVP-MOLOPT-UZH-PBE0-GTH-q6,DZVP-MOLOPT-PBE0-GTH-q6 | DZVP-MOLOPT-HYB-GTH-q6,GTH,6,10,GTH-PBE0-q6
Cl,17,TZV2P-MOLOPT-UZH-PBE0-GTH-q7,TZV2P-MOLOPT-PBE0-GTH-q7 | TZV2P-MOLOPT-HYB-GTH-q7,GTH,7,10,GTH-PBE0-q7
Cl,17,TZVP-MOLOPT-UZH-PBE0-GTH-q7,TZVP-MOLOPT-PBE0-GTH-q7 | TZVP-MOLOPT-HYB-GTH-q7,GTH,7,10,GTH-PBE0-q7
Cl,17,DZVP-MOLOPT-UZH-PBE0-GTH-q7,DZVP-MOLOPT-PBE0-GTH-q7 | DZVP-MOLOPT-HYB-GTH-q7,GTH,7,10,GTH-PBE0-q7
Ar,18,TZV2P-MOLOPT-UZH-PBE0-GTH-q8,TZV2P-MOLOPT-PBE0-GTH-q8 | TZV2P-MOLOPT-HYB-GTH-q8,GTH,8,10,GTH-PBE0-q8
Ar,18,TZVP-MOLOPT-UZH-PBE0-GTH-q8,TZVP-MOLOPT-PBE0-GTH-q8 | TZVP-MOLOPT-HYB-GTH-q8,GTH,8,10,GTH-PBE0-q8
Ar,18,DZVP-MOLOPT-UZH-PBE0-GTH-q8,DZVP-MOLOPT-PBE0-GTH-q8 | DZVP-MOLOPT-HYB-GTH-q8,GTH,8,10,GTH-PBE0-q8
K,19,TZV2P-MOLOPT-UZH-PBE0-GTH-q9,TZV2P-MOLOPT-PBE0-GTH-q9 | TZV2P-MOLOPT-HYB-GTH-q9,GTH,9,10,GTH-PBE0-q9
K,19,TZVP-MOLOPT-UZH-PBE0-GTH-q9,TZVP-MOLOPT-PBE0-GTH-q9 | TZVP-MOLOPT-HYB-GTH-q9,GTH,9,10,GTH-PBE0-q9
K,19,DZVP-MOLOPT-UZH-PBE0-GTH-q9,DZVP-MOLOPT-PBE0-GTH-q9 | DZVP-MOLOPT-HYB-GTH-q9,GTH,9,10,GTH-PBE0-q9
Ca,20,TZV2P-MOLOPT-UZH-PBE0-GTH-q10,TZV2P-MOLOPT-PBE0-GTH-q10 | TZV2P-MOLOPT-HYB-GTH-q10,GTH,10,10,GTH-PBE0-q10
Ca,20,TZVP-MOLOPT-UZH-PBE0-GTH-q10,TZVP-MOLOPT-PBE0-GTH-q10 | TZVP-MOLOPT-HYB-GTH-q10,GTH,10,10,GTH-PBE0-q10
Ca,20,DZVP-MOLOPT-UZH-PBE0-GTH-q10,DZVP-MOLOPT-PBE0-GTH-q10 | DZVP-MOLOPT-HYB-GTH-q10,GTH,10,10,GTH-PBE0-q10
Sc,21,TZV2P-MOLOPT-UZH-PBE0-GTH-q11,TZV2P-MOLOPT-PBE0-GTH-q11 | TZV2P-MOLOPT-HYB-GTH-q11,GTH,11,10,GTH-PBE0-q11
Sc,21,TZVP-MOLOPT-UZH-PBE0-GTH-q11,TZVP-MOLOPT-PBE0-GTH-q11 | TZVP-MOLOPT-HYB-GTH-q11,GTH,11,10,GTH-PBE0-q11
Sc,21,DZVP-MOLOPT-UZH-PBE0-GTH-q11,DZVP-MOLOPT-PBE0-GTH-q11 | DZVP-MOLOPT-HYB-GTH-q11,GTH,11,10,GTH-PBE0-q11
Ti,22,TZV2P-MOLOPT-UZH-PBE0-GTH-q12,TZV2P-MOLOPT-PBE0-GTH-q12 | TZV2P-MOLOPT-HYB-GTH-q12,GTH,12,10,GTH-PBE0-q12
Ti,22,TZVP-MOLOPT-UZH-PBE0-GTH-q12,TZVP-MOLOPT-PBE0-GTH-q12 | TZVP-MOLOPT-HYB-GTH-q12,GTH,12,10,GTH-PBE0-q12
Ti,22,DZVP-MOLOPT-UZH-PBE0-GTH-q12,DZVP-MOLOPT-PBE0-GTH-q12 | DZVP-MOLOPT-HYB-GTH-q12,GTH,12,10,GTH-PBE0-q12
V,23,TZV2P-MOLOPT-UZH-PBE0-GTH-q13,TZV2P-MOLOPT-PBE0-GTH-q13 | TZV2P-MOLOPT-HYB-GTH-q13,GTH,13,10,GTH-PBE0-q13
V,23,TZVP-MOLOPT-UZH-PBE0-GTH-q13,TZVP-MOLOPT-PBE0-GTH-q13 | TZVP-MOLOPT-HYB-GTH-q13,GTH,13,10,GTH-PBE0-q13
V,23,DZVP-MOLOPT-UZH-PBE0-GTH-q13,DZVP-MOLOPT-PBE0-GTH-q13 | DZVP-MOLOPT-HYB-GTH-q13,GTH,13,10,GTH-PBE0-q13
Cr,24,TZV2P-MOLOPT-UZH-PBE0-GTH-q14,TZV2P-MOLOPT-PBE0-GTH-q14 | TZV2P-MOLOPT-HYB-GTH-q14,GTH,14,10,GTH-PBE0-q14
Cr,24,TZVP-MOLOPT-UZH-PBE0-GTH-q14,TZVP-MOLOPT-PBE0-GTH-q14 | TZVP-MOLOPT-HYB-GTH-q14,GTH,14,10,GTH-PBE0-q14
Cr,24,DZVP-MOLOPT-UZH-PBE0-GTH-q14,DZVP-MOLOPT-PBE0-GTH-q14 | DZVP-MOLOPT-HYB-GTH-q14,GTH,14,10,GTH-PBE0-q14
Mn,25,TZV2P-MOLOPT-UZH-PBE0-GTH-q15,TZV2P-MOLOPT-PBE0-GTH-q15 | TZV2P-MOLOPT-HYB-GTH-q15,GTH,15,10,GTH-PBE0-q15
Mn,25,TZVP-MOLOPT-UZH-PBE0-GTH-q15,TZVP-MOLOPT-PBE0-GTH-q15 | TZVP-MOLOPT-HYB-GTH-q15,GTH,15,10,GTH-PBE0-q15
Mn,25,DZVP-MOLOPT-UZH-PBE0-GTH-q15,DZVP-MOLOPT-PBE0-GTH-q15 | DZVP-MOLOPT-HYB-GTH-q15,GTH,15,10,GTH-PBE0-q15
Fe,26,TZV2P-MOLOPT-UZH-PBE0-GTH-q16,TZV2P-MOLOPT-PBE0-GTH-q16 | TZV2P-MOLOPT-HYB-GTH-q16,GTH,16,10,GTH-PBE0-q16
Fe,26,TZVP-MOLOPT-UZH-PBE0-GTH-q16,TZVP-MOLOPT-PBE0-GTH-q16 | TZVP-MOLOPT-HYB-GTH-q16,GTH,16,10,GTH-PBE0-q16
Fe,26,DZVP-MOLOPT-UZH-PBE0-GTH-q16,DZVP-MOLOPT-PBE0-GTH-q16 | DZVP-MOLOPT-HYB-GTH-q16,GTH,16,10,GTH-PBE0-q16
Co,27,TZV2P-MOLOPT-UZH-PBE0-GTH-q17,TZV2P-MOLOPT-PBE0-GTH-q17 | TZV2P-MOLOPT-HYB-GTH-q17,GTH,17,10,GTH-PBE0-q17
Co,27,TZVP-MOLOPT-UZH-PBE0-GTH-q17,TZVP-MOLOPT-PBE0-GTH-q17 | TZVP-MOLOPT-HYB-GTH-q17,GTH,17,10,GTH-PBE0-q17
Co,27,DZVP-MOLOPT-UZH-PBE0-GTH-q17,DZVP-MOLOPT-PBE0-GTH-q17 | DZVP-MOLOPT-HYB-GTH-q17,GTH,17,10,GTH-PBE0-q17
Ni,28,TZV2P-MOLOPT-UZH-PBE0-GTH-q18,TZV2P-MOLOPT-PBE0-GTH-q18 | TZV2P-MOLOPT-HYB-GTH-q18,GTH,18,10,GTH-PBE0-q18
Ni,28,TZVP-MOLOPT-UZH-PBE0-GTH-q18,TZVP-MOLOPT-PBE0-GTH-q18 | TZVP-MOLOPT-HYB-GTH-q18,GTH,18,10,GTH-PBE0-q18
Ni,28,DZVP-MOLOPT-UZH-PBE0-GTH-q18,DZVP-MOLOPT-PBE0-GTH-q18 | DZVP-MOLOPT-HYB-GTH-q18,GTH,18,10,GTH-PBE0-q18
Cu,29,TZV2P-MOLOPT-UZH-PBE0-GTH-q11,TZV2P-MOLOPT-PBE0-GTH-q11 | TZV2P-MOLOPT-HYB-GTH-q11,GTH,11,18,GTH-PBE0-q11
Cu,29,TZVP-MOLOPT-UZH-PBE0-GTH-q11,TZVP-MOLOPT-PBE0-GTH-q11 | TZVP-MOLOPT-HYB-GTH-q11,GTH,11,18,GTH-PBE0-q11
Cu,29,DZVP-MOLOPT-UZH-PBE0-GTH-q11,DZVP-MOLOPT-PBE0-GTH-q11 | DZVP-MOLOPT-HYB-GTH-q11,GTH,11,18,GTH-PBE0-q11
Zn,30,TZV2P-MOLOPT-UZH-PBE0-GTH-q12,TZV2P-MOLOPT-PBE0-GTH-q12 | TZV2P-MOLOPT-HYB-GTH-q12,GTH,12,18,GTH-PBE0-q12
Zn,30,TZVP-MOLOPT-UZH-PBE0-GTH-q12,TZVP-MOLOPT-PBE0-GTH-q12 | TZVP-MOLOPT-HYB-GTH-q12,GTH,12,18,GTH-PBE0-q12
Zn,30,DZVP-MOLOPT-UZH-PBE0-GTH-q12,DZVP-MOLOPT-PBE0-GTH-q12 | DZVP-MOLOPT-HYB-GTH-q12,GTH,12,18,GTH-PBE0-q12
Ga,31,TZV2P-MOLOPT-UZH-PBE0-GTH-q13,TZV2P-MOLOPT-PBE0-GTH-q13 | TZV2P-MOLOPT-HYB-GTH-q13,GTH,13,18,GTH-PBE0-q13
Ga,31,TZVP-MOLOPT-UZH-PBE0-GTH-q13,TZVP-MOLOPT-PBE0-GTH-q13 | TZVP-MOLOPT-HYB-GTH-q13,GTH,13,18,GTH-PBE0-q13
Ga,31,DZVP-MOLOPT-UZH-PBE0-GTH-q13,DZVP-MOLOPT-PBE0-GTH-q13 | DZVP-MOLOPT-HYB-GTH-q13,GTH,13,18,GTH-PBE0-q13
Ge,32,TZV2P-MOLOPT-UZH-PBE0-GTH-q4,TZV2P-MOLOPT-PBE0-GTH-q4 | TZV2P-MOLOPT-HYB-GTH-q4,GTH,4,28,GTH-PBE0-q4
Ge,32,TZVP-MOLOPT-UZH-PBE0-GTH-q4,TZVP-MOLOPT-PBE0-GTH-q4 | TZVP-MOLOPT-HYB-GTH-q4,GTH,4,28,GTH-PBE0-q4
Ge,32,DZVP-MOLOPT-UZH-PBE0-GTH-q4,DZVP-MOLOPT-PBE0-GTH-q4 | DZVP-MOLOPT-HYB-GTH-q4,GTH,4,28,GTH-PBE0-q4
As,33,TZV2P-MOLOPT-UZH-PBE0-GTH-q5,TZV2P-MOLOPT-PBE0-GTH-q5 | TZV2P-MOLOPT-HYB-GTH-q5,GTH,5,28,GTH-PBE0-q5
As,33,TZVP-MOLOPT-UZH-PBE0-GTH-q5,TZVP-MOLOPT-PBE0-GTH-q5 | TZVP-MOLOPT-HYB-GTH-q5,GTH,5,28,GTH-PBE0-q5
As,33,DZVP-MOLOPT-UZH-PBE0-GTH-q5,DZVP-MOLOPT-PBE0-GTH-q5 | DZVP-MOLOPT-HYB-GTH-q5,GTH,5,28,GTH-PBE0-q5
Se,34,TZV2P-MOLOPT-UZH-PBE0-GTH-q6,TZV2P-MOLOPT-PBE0-GTH-q6 | TZV2P-MOLOPT-HYB-GTH-q6,GTH,6,28,GTH-PBE0-q6
Se,34,TZVP-MOLOPT-UZH-PBE0-GTH-q6,TZVP-MOLOPT-PBE0-GTH-q6 | TZVP-MOLOPT-HYB-GTH-q6,GTH,6,28,GTH-PBE0-q6
Se,34,DZVP-MOLOPT-UZH-PBE0-GTH-q6,DZVP-MOLOPT-PBE0-GTH-q6 | DZVP-MOLOPT-HYB-GTH-q6,GTH,6,28,GTH-PBE0-q6
Br,35,TZV2P-MOLOPT-UZH-PBE0-GTH-q7,TZV2P-MOLOPT-PBE0-GTH-q7 | TZV2P-MOLOPT-HYB-GTH-q7,GTH,7,28,GTH-PBE0-q7
Br,35,TZVP-MOLOPT-UZH-PBE0-GTH-q7,TZVP-MOLOPT-PBE0-GTH-q7 | TZVP-MOLOPT-HYB-GTH-q7,GTH,7,28,GTH-PBE0-q7
Br,35,DZVP-MOLOPT-UZH-PBE0-GTH-q7,DZVP-MOLOPT-PBE0-GTH-q7 | DZVP-MOLOPT-HYB-GTH-q7,GTH,7,28,GTH-PBE0-q7
Kr,36,TZV2P-MOLOPT-UZH-PBE0-GTH-q8,TZV2P-MOLOPT-PBE0-GTH-q8 | TZV2P-MOLOPT-HYB-GTH-q8,GTH,8,28,GTH-PBE0-q8
Kr,36,TZVP-MOLOPT-UZH-PBE0-GTH-q8,TZVP-MOLOPT-PBE0-GTH-q8 | TZVP-MOLOPT-HYB-GTH-q8,GTH,8,28,GTH-PBE0-q8
Kr,36,DZVP-MOLOPT-UZH-PBE0-GTH-q8,DZVP-MOLOPT-PBE0-GTH-q8 | DZVP-MOLOPT-HYB-GTH-q8,GTH,8,28,GTH-PBE0-q8
Rb,37,TZV2P-MOLOPT-UZH-PBE0-GTH-q9,TZV2P-MOLOPT-PBE0-GTH-q9 | TZV2P-MOLOPT-HYB-GTH-q9,GTH,9,28,GTH-PBE0-q9
Rb,37,TZVP-MOLOPT-UZH-PBE0-GTH-q9,TZVP-MOLOPT-PBE0-GTH-q9 | TZVP-MOLOPT-HYB-GTH-q9,GTH,9,28,GTH-PBE0-q9
Rb,37,DZVP-MOLOPT-UZH-PBE0-GTH-q9,DZVP-MOLOPT-PBE0-GTH-q9 | DZVP-MOLOPT-HYB-GTH-q9,GTH,9,28,GTH-PBE0-q9
Sr,38,TZV2P-MOLOPT-UZH-PBE0-GTH-q10,TZV2P-MOLOPT-PBE0-GTH-q10 | TZV2P-MOLOPT-HYB-GTH-q10,GTH,10,28,GTH-PBE0-q10
Sr,38,TZVP-MOLOPT-UZH-PBE0-GTH-q10,TZVP-MOLOPT-PBE0-GTH-q10 | TZVP-MOLOPT-HYB-GTH-q10,GTH,10,28,GTH-PBE0-q10
Sr,38,DZVP-MOLOPT-UZH-PBE0-GTH-q10,DZVP-MOLOPT-PBE0-GTH-q10 | DZVP-MOLOPT-HYB-GTH-q10,GTH,10,28,GTH-PBE0-q10
Y,39,TZV2P-MOLOPT-UZH-PBE0-GTH-q11,TZV2P-MOLOPT-PBE0-GTH-q11 | TZV2P-MOLOPT-HYB-GTH-q11,GTH,11,28,GTH-PBE0-q11
Y,39,TZVP-MOLOPT-UZH-PBE0-GTH-q11,TZVP-MOLOPT-PBE0-GTH-q11 | TZVP-MOLOPT-HYB-GTH-q11,GTH,11,28,GTH-PBE0-q11
Y,39,DZVP-MOLOPT-UZH-PBE0-GTH-q11,DZVP-MOLOPT-PBE0-GTH-q11 | DZVP-MOLOPT-HYB-GTH-q11,GTH,11,28,GTH-PBE0-q11
Zr,40,TZV2P-MOLOPT-UZH-PBE0-GTH-q12,TZV2P-MOLOPT-PBE0-GTH-q12 | TZV2P-MOLOPT-HYB-GTH-q12,GTH,12,28,GTH-PBE0-q12
Zr,40,TZVP-MOLOPT-UZH-PBE0-GTH-q12,TZVP-MOLOPT-PBE0-GTH-q12 | TZVP-MOLOPT-HYB-GTH-q12,GTH,12,28,GTH-PBE0-q12
Zr,40,DZVP-MOLOPT-UZH-PBE0-GTH-q12,DZVP-MOLOPT-PBE0-GTH-q12 | DZVP-MOLOPT-HYB-GTH-q12,GTH,12,28,GTH-PBE0-q12
Nb,41,TZV2P-MOLOPT-UZH-PBE0-GTH-q13,TZV2P-MOLOPT-PBE0-GTH-q13 | TZV2P-MOLOPT-HYB-GTH-q13,GTH,13,28,GTH-PBE0-q13
Nb,41,TZVP-MOLOPT-UZH-PBE0-GTH-q13,TZVP-MOLOPT-PBE0-GTH-q13 | TZVP-MOLOPT-HYB-GTH-q13,GTH,13,28,GTH-PBE0-q13
Nb,41,DZVP-MOLOPT-UZH-PBE0-GTH-q13,DZVP-MOLOPT-PBE0-GTH-q13 | DZVP-MOLOPT-HYB-GTH-q13,GTH,13,28,GTH-PBE0-q13
Mo,42,TZV2P-MOLOPT-UZH-PBE0-GTH-q14,TZV2P-MOLOPT-PBE0-GTH-q14 | TZV2P-MOLOPT-HYB-GTH-q14,GTH,14,28,GTH-PBE0-q14
Mo,42,TZVP-MOLOPT-UZH-PBE0-GTH-q14,TZVP-MOLOPT-PBE0-GTH-q14 | TZVP-MOLOPT-HYB-GTH-q14,GTH,14,28,GTH-PBE0-q14
Mo,42,DZVP-MOLOPT-UZH-PBE0-GTH-q14,DZVP-MOLOPT-PBE0-GTH-q14 | DZVP-MOLOPT-HYB-GTH-q14,GTH,14,28,GTH-PBE0-q14
Tc,43,TZV2P-MOLOPT-UZH-PBE0-GTH-q15,TZV2P-MOLOPT-PBE0-GTH-q15 | TZV2P-MOLOPT-HYB-GTH-q15,GTH,15,28,GTH-PBE0-q15
Tc,43,TZVP-MOLOPT-UZH-PBE0-GTH-q15,TZVP-MOLOPT-PBE0-GTH-q15 | TZVP-MOLOPT-HYB-GTH-q15,GTH,15,28,GTH-PBE0-q15
Tc,43,DZVP-MOLOPT-UZH-PBE0-GTH-q15,DZVP-MOLOPT-PBE0-GTH-q15 | DZVP-MOLOPT-HYB-GTH-q15,GTH,15,28,GTH-PBE0-q15
Ru,44,TZV2P-MOLOPT-UZH-PBE0-GTH-q16,TZV2P-MOLOPT-PBE0-GTH-q16 | TZV2P-MOLOPT-HYB-GTH-q16,GTH,16,28,GTH-PBE0-q16
Ru,44,TZVP-MOLOPT-UZH-PBE0-GTH-q16,TZVP-MOLOPT-PBE0-GTH-q16 | TZVP-MOLOPT-HYB-GTH-q16,GTH,16,28,GTH-PBE0-q16
Ru,44,DZVP-MOLOPT-UZH-PBE0-GTH-q16,DZVP-MOLOPT-PBE0-GTH-q16 | DZVP-MOLOPT-HYB-GTH-q16,GTH,16,28,GTH-PBE0-q16
Rh,45,TZV2P-MOLOPT-UZH-PBE0-GTH-q17,TZV2P-MOLOPT-PBE0-GTH-q17 | TZV2P-MOLOPT-HYB-GTH-q17,GTH,17,28,GTH-PBE0-q17
Rh,45,TZVP-MOLOPT-UZH-PBE0-GTH-q17,TZVP-MOLOPT-PBE0-GTH-q17 | TZVP-MOLOPT-HYB-GTH-q17,GTH,17,28,GTH-PBE0-q17
Rh,45,DZVP-MOLOPT-UZH-PBE0-GTH-q17,DZVP-MOLOPT-PBE0-GTH-q17 | DZVP-MOLOPT-HYB-GTH-q17,GTH,17,28,GTH-PBE0-q17
Pd,46,TZV2P-MOLOPT-UZH-PBE0-GTH-q18,TZV2P-MOLOPT-PBE0-GTH-q18 | TZV2P-MOLOPT-HYB-GTH-q18,GTH,18,28,GTH-PBE0-q18
Pd,46,TZVP-MOLOPT-UZH-PBE0-GTH-q18,TZVP-MOLOPT-PBE0-GTH-q18 | TZVP-MOLOPT-HYB-GTH-q18,GTH,18,28,GTH-PBE0-q18
Pd,46,DZVP-MOLOPT-UZH-PBE0-GTH-q18,DZVP-MOLOPT-PBE0-GTH-q18 | DZVP-MOLOPT-HYB-GTH-q18,GTH,18,28,GTH-PBE0-q18
Ag,47,TZV2P-MOLOPT-UZH-PBE0-GTH-q11,TZV2P-MOLOPT-PBE0-GTH-q11 | TZV2P-MOLOPT-HYB-GTH-q11,GTH,11,36,GTH-PBE0-q11
Ag,47,TZVP-MOLOPT-UZH-PBE0-GTH-q11,TZVP-MOLOPT-PBE0-GTH-q11 | TZVP-MOLOPT-HYB-GTH-q11,GTH,11,36,GTH-PBE0-q11
Ag,47,DZVP-MOLOPT-UZH-PBE0-GTH-q11,DZVP-MOLOPT-PBE0-GTH-q11 | DZVP-MOLOPT-HYB-GTH-q11,GTH,11,36,GTH-PBE0-q11
Cd,48,TZV2P-MOLOPT-UZH-PBE0-GTH-q12,TZV2P-MOLOPT-PBE0-GTH-q12 | TZV2P-MOLOPT-HYB-GTH-q12,GTH,12,36,GTH-PBE0-q12
Cd,48,TZVP-MOLOPT-UZH-PBE0-GTH-q12,TZVP-MOLOPT-PBE0-GTH-q12 | TZVP-MOLOPT-HYB-GTH-q12,GTH,12,36,GTH-PBE0-q12
Cd,48,DZVP-MOLOPT-UZH-PBE0-GTH-q12,DZVP-MOLOPT-PBE0-GTH-q12 | DZVP-MOLOPT-HYB-GTH-q12,GTH,12,36,GTH-PBE0-q12
In,49,TZV2P-MOLOPT-UZH-PBE0-GTH-q13,TZV2P-MOLOPT-PBE0-GTH-q13 | TZV2P-MOLOPT-HYB-GTH-q13,GTH,13,36,GTH-PBE0-q13
In,49,TZVP-MOLOPT-UZH-PBE0-GTH-q13,TZVP-MOLOPT-PBE0-GTH-q13 | TZVP-MOLOPT-HYB-GTH-q13,GTH,13,36,GTH-PBE0-q13
In,49,DZVP-MOLOPT-UZH-PBE0-GTH-q13,DZVP-MOLOPT-PBE0-GTH-q13 | DZVP-MOLOPT-HYB-GTH-q13,GTH,13,36,GTH-PBE0-q13
Sn,50,TZV2P-MOLOPT-UZH-PBE0-GTH-q4,TZV2P-MOLOPT-PBE0-GTH-q4 | TZV2P-MOLOPT-HYB-GTH-q4,GTH,4,46,GTH-PBE0-q4
Sn,50,TZVP-MOLOPT-UZH-PBE0-GTH-q4,TZVP-MOLOPT-PBE0-GTH-q4 | TZVP-MOLOPT-HYB-GTH-q4,GTH,4,46,GTH-PBE0-q4
Sn,50,DZVP-MOLOPT-UZH-PBE0-GTH-q4,DZVP-MOLOPT-PBE0-GTH-q4 | DZVP-MOLOPT-HYB-GTH-q4,GTH,4,46,GTH-PBE0-q4
Sb,51,TZV2P-MOLOPT-UZH-PBE0-GTH-q5,TZV2P-MOLOPT-PBE0-GTH-q5 | TZV2P-MOLOPT-HYB-GTH-q5,GTH,5,46,GTH-PBE0-q5
Sb,51,TZVP-MOLOPT-UZH-PBE0-GTH-q5,TZVP-MOLOPT-PBE0-GTH-q5 | TZVP-MOLOPT-HYB-GTH-q5,GTH,5,46,GTH-PBE0-q5
Sb,51,DZVP-MOLOPT-UZH-PBE0-GTH-q5,DZVP-MOLOPT-PBE0-GTH-q5 | DZVP-MOLOPT-HYB-GTH-q5,GTH,5,46,GTH-PBE0-q5
Te,52,TZV2P-MOLOPT-UZH-PBE0-GTH-q6,TZV2P-MOLOPT-PBE0-GTH-q6 | TZV2P-MOLOPT-HYB-GTH-q6,GTH,6,46,GTH-PBE0-q6
Te,52,TZVP-MOLOPT-UZH-PBE0-GTH-q6,TZVP-MOLOPT-PBE0-GTH-q6 | TZVP-MOLOPT-HYB-GTH-q6,GTH,6,46,GTH-PBE0-q6
Te,52,DZVP-MOLOPT-UZH-PBE0-GTH-q6,DZVP-MOLOPT-PBE0-GTH-q6 | DZVP-MOLOPT-HYB-GTH-q6,GTH,6,46,GTH-PBE0-q6
I,53,TZV2P-MOLOPT-UZH-PBE0-GTH-q7,TZV2P-MOLOPT-PBE0-GTH-q7 | TZV2P-MOLOPT-HYB-GTH-q7,GTH,7,46,GTH-PBE0-q7
I,53,TZVP-MOLOPT-UZH-PBE0-GTH-q7,TZVP-MOLOPT-PBE0-GTH-q7 | TZVP-MOLOPT-HYB-GTH-q7,GTH,7,46,GTH-PBE0-q7
I,53,DZVP-MOLOPT-UZH-PBE0-GTH-q7,DZVP-MOLOPT-PBE0-GTH-q7 | DZVP-MOLOPT-HYB-GTH-q7,GTH,7,46,GTH-PBE0-q7
Xe,54,TZV2P-MOLOPT-UZH-PBE0-GTH-q8,TZV2P-MOLOPT-PBE0-GTH-q8 | TZV2P-MOLOPT-HYB-GTH-q8,GTH,8,46,GTH-PBE0-q8
Xe,54,TZVP-MOLOPT-UZH-PBE0-GTH-q8,TZVP-MOLOPT-PBE0-GTH-q8 | TZVP-MOLOPT-HYB-GTH-q8,GTH,8,46,GTH-PBE0-q8
Xe,54,DZVP-MOLOPT-UZH-PBE0-GTH-q8,DZVP-MOLOPT-PBE0-GTH-q8 | DZVP-MOLOPT-HYB-GTH-q8,GTH,8,46,GTH-PBE0-q8
Cs,55,TZV2P-MOLOPT-UZH-PBE0-GTH-q9,TZV2P-MOLOPT-PBE0-GTH-q9 | TZV2P-MOLOPT-HYB-GTH-q9,GTH,9,46,GTH-PBE0-q9
Cs,55,TZVP-MOLOPT-UZH-PBE0-GTH-q9,TZVP-MOLOPT-PBE0-GTH-q9 | TZVP-MOLOPT-HYB-GTH-q9,GTH,9,46,GTH-PBE0-q9
Cs,55,DZVP-MOLOPT-UZH-PBE0-GTH-q9,DZVP-MOLOPT-PBE0-GTH-q9 | DZVP-MOLOPT-HYB-GTH-q9,GTH,9,46,GTH-PBE0-q9
Ba,56,TZV2P-MOLOPT-UZH-PBE0-GTH-q10,TZV2P-MOLOPT-PBE0-GTH-q10 | TZV2P-MOLOPT-HYB-GTH-q10,GTH,10,46,GTH-PBE0-q10
Ba,56,TZVP-MOLOPT-UZH-PBE0-GTH-q10,TZVP-MOLOPT-PBE0-GTH-q10 | TZVP-MOLOPT-HYB-GTH-q10,GTH,10,46,GTH-PBE0-q10
Ba,56,DZVP-MOLOPT-UZH-PBE0-GTH-q10,DZVP-MOLOPT-PBE0-GTH-q10 | DZVP-MOLOPT-HYB-GTH-q10,GTH,10,46,GTH-PBE0-q10
Hf,72,TZV2P-MOLOPT-UZH-PBE0-GTH-q12,TZV2P-MOLOPT-PBE0-GTH-q12 | TZV2P-MOLOPT-HYB-GTH-q12,GTH,12,60,GTH-PBE0-q12
Hf,72,TZVP-MOLOPT-UZH-PBE0-GTH-q12,TZVP-MOLOPT-PBE0-GTH-q12 | TZVP-MOLOPT-HYB-GTH-q12,GTH,12,60,GTH-PBE0-q12
Hf,72,DZVP-MOLOPT-UZH-PBE0-GTH-q12,DZVP-MOLOPT-PBE0-GTH-q12 | DZVP-MOLOPT-HYB-GTH-q12,GTH,12,60,GTH-PBE0-q12
Ta,73,TZV2P-MOLOPT-UZH-PBE0-GTH-q13,TZV2P-MOLOPT-PBE0-GTH-q13 | TZV2P-MOLOPT-HYB-GTH-q13,GTH,13,60,GTH-PBE0-q13
Ta,73,TZVP-MOLOPT-UZH-PBE0-GTH-q13,TZVP-MOLOPT-PBE0-GTH-q13 | TZVP-MOLOPT-HYB-GTH-q13,GTH,13,60,GTH-PBE0-q13
Ta,73,DZVP-MOLOPT-UZH-PBE0-GTH-q13,DZVP-MOLOPT-PBE0-GTH-q13 | DZVP-MOLOPT-HYB-GTH-q13,GTH,13,60,GTH-PBE0-q13
W,74,TZV2P-MOLOPT-UZH-PBE0-GTH-q14,TZV2P-MOLOPT-PBE0-GTH-q14 | TZV2P-MOLOPT-HYB-GTH-q14,GTH,14,60,GTH-PBE0-q14
W,74,TZVP-MOLOPT-UZH-PBE0-GTH-q14,TZVP-MOLOPT-PBE0-GTH-q14 | TZVP-MOLOPT-HYB-GTH-q14,GTH,14,60,GTH-PBE0-q14
W,74,DZVP-MOLOPT-UZH-PBE0-GTH-q14,DZVP-MOLOPT-PBE0-GTH-q14 | DZVP-MOLOPT-HYB-GTH-q14,GTH,14,60,GTH-PBE0-q14
Re,75,TZV2P-MOLOPT-UZH-PBE0-GTH-q15,TZV2P-MOLOPT-PBE0-GTH-q15 | TZV2P-MOLOPT-HYB-GTH-q15,GTH,15,60,GTH-PBE0-q15
Re,75,TZVP-MOLOPT-UZH-PBE0-GTH-q15,TZVP-MOLOPT-PBE0-GTH-q15 | TZVP-MOLOPT-HYB-GTH-q15,GTH,15,60,GTH-PBE0-q15
Re,75,DZVP-MOLOPT-UZH-PBE0-GTH-q15,DZVP-MOLOPT-PBE0-GTH-q15 | DZVP-MOLOPT-HYB-GTH-q15,GTH,15,60,GTH-PBE0-q15
Os,76,TZV2P-MOLOPT-UZH-PBE0-GTH-q16,TZV2P-MOLOPT-PBE0-GTH-q16 | TZV2P-MOLOPT-HYB-GTH-q16,GTH,16,60,GTH-PBE0-q16
Os,76,TZVP-MOLOPT-UZH-PBE0-GTH-q16,TZVP-MOLOPT-PBE0-GTH-q16 | TZVP-MOLOPT-HYB-GTH-q16,GTH,16,60,GTH-PBE0-q16
Os,76,DZVP-MOLOPT-UZH-PBE0-GTH-q16,DZVP-MOLOPT-PBE0-GTH-q16 | DZVP-MOLOPT-HYB-GTH-q16,GTH,16,60,GTH-PBE0-q16
Ir,77,TZV2P-MOLOPT-UZH-PBE0-GTH-q17,TZV2P-MOLOPT-PBE0-GTH-q17 | TZV2P-MOLOPT-HYB-GTH-q17,GTH,17,60,GTH-PBE0-q17
Ir,77,TZVP-MOLOPT-UZH-PBE0-GTH-q17,TZVP-MOLOPT-PBE0-GTH-q17 | TZVP-MOLOPT-HYB-GTH-q17,GTH,17,60,GTH-PBE0-q17
Ir,77,DZVP-MOLOPT-UZH-PBE0-GTH-q17,DZVP-MOLOPT-PBE0-GTH-q17 | DZVP-MOLOPT-HYB-GTH-q17,GTH,17,60,GTH-PBE0-q17
Pt,78,TZV2P-MOLOPT-UZH-PBE0-GTH-q18,TZV2P-MOLOPT-PBE0-GTH-q18 | TZV2P-MOLOPT-HYB-GTH-q18,GTH,18,60,GTH-PBE0-q18
Pt,78,TZVP-MOLOPT-UZH-PBE0-GTH-q18,TZVP-MOLOPT-PBE0-GTH-q18 | TZVP-MOLOPT-HYB-GTH-q18,GTH,18,60,GTH-PBE0-q18
Pt,78,DZVP-MOLOPT-UZH-PBE0-GTH-q18,DZVP-MOLOPT-PBE0-GTH-q18 | DZVP-MOLOPT-HYB-GTH-q18,GTH,18,60,GTH-PBE0-q18
Au,79,TZV2P-MOLOPT-UZH-PBE0-GTH-q11,TZV2P-MOLOPT-PBE0-GTH-q11 | TZV2P-MOLOPT-HYB-GTH-q11,GTH,11,68,GTH-PBE0-q11
Au,79,TZVP-MOLOPT-UZH-PBE0-GTH-q11,TZVP-MOLOPT-PBE0-GTH-q11 | TZVP-MOLOPT-HYB-GTH-q11,GTH,11,68,GTH-PBE0-q11
Au,79,DZVP-MOLOPT-UZH-PBE0-GTH-q11,DZVP-MOLOPT-PBE0-GTH-q11 | DZVP-MOLOPT-HYB-GTH-q11,GTH,11,68,GTH-PBE0-q11
Au,79,TZV2P-MOLOPT-UZH-PBE0-GTH-q19,TZV2P-MOLOPT-PBE0-GTH-q19 | TZV2P-MOLOPT-HYB-GTH-q19,GTH,19,60,GTH-PBE0-q19
Au,79,TZVP-MOLOPT-UZH-PBE0-GTH-q19,TZVP-MOLOPT-PBE0-GTH-q19 | TZVP-MOLOPT-HYB-GTH-q19,GTH,19,60,GTH-PBE0-q19
Au,79,DZVP-MOLOPT-UZH-PBE0-GTH-q19,DZVP-MOLOPT-PBE0-GTH-q19 | DZVP-MOLOPT-HYB-GTH-q19,GTH,19,60,GTH-PBE0-q19
Hg,80,TZV2P-MOLOPT-UZH-PBE0-GTH-q12,TZV2P-MOLOPT-PBE0-GTH-q12 | TZV2P-MOLOPT-HYB-GTH-q12,GTH,12,68,GTH-PBE0-q12
Hg,80,TZVP-MOLOPT-UZH-PBE0-GTH-q12,TZVP-MOLOPT-PBE0-GTH-q12 | TZVP-MOLOPT-HYB-GTH-q12,GTH,12,68,GTH-PBE0-q12
Hg,80,DZVP-MOLOPT-UZH-PBE0-GTH-q12,DZVP-MOLOPT-PBE0-GTH-q12 | DZVP-MOLOPT-HYB-GTH-q12,GTH,12,68,GTH-PBE0-q12
Tl,81,TZV2P-MOLOPT-UZH-PBE0-GTH-q13,TZV2P-MOLOPT-PBE0-GTH-q13 | TZV2P-MOLOPT-HYB-GTH-q13,GTH,13,68,GTH-PBE0-q13
Tl,81,TZVP-MOLOPT-UZH-PBE0-GTH-q13,TZVP-MOLOPT-PBE0-GTH-q13 | TZVP-MOLOPT-HYB-GTH-q13,GTH,13,68,GTH-PBE0-q13
Tl,81,DZVP-MOLOPT-UZH-PBE0-GTH-q13,DZVP-MOLOPT-PBE0-GTH-q13 | DZVP-MOLOPT-HYB-GTH-q13,GTH,13,68,GTH-PBE0-q13
Pb,82,TZV2P-MOLOPT-UZH-PBE0-GTH-q4,TZV2P-MOLOPT-PBE0-GTH-q4 | TZV2P-MOLOPT-HYB-GTH-q4,GTH,4,78,GTH-PBE0-q4
Pb,82,TZVP-MOLOPT-UZH-PBE0-GTH-q4,TZVP-MOLOPT-PBE0-GTH-q4 | TZVP-MOLOPT-HYB-GTH-q4,GTH,4,78,GTH-PBE0-q4
Pb,82,DZVP-MOLOPT-UZH-PBE0-GTH-q4,DZVP-MOLOPT-PBE0-GTH-q4 | DZVP-MOLOPT-HYB-GTH-q4,GTH,4,78,GTH-PBE0-q4
Bi,83,TZV2P-MOLOPT-UZH-PBE0-GTH-q5,TZV2P-MOLOPT-PBE0-GTH-q5 | TZV2P-MOLOPT-HYB-GTH-q5,GTH,5,78,GTH-PBE0-q5
Bi,83,TZVP-MOLOPT-UZH-PBE0-GTH-q5,TZVP-MOLOPT-PBE0-GTH-q5 | TZVP-MOLOPT-HYB-GTH-q5,GTH,5,78,GTH-PBE0-q5
Bi,83,DZVP-MOLOPT-UZH-PBE0-GTH-q5,DZVP-MOLOPT-PBE0-GTH-q5 | DZVP-MOLOPT-HYB-GTH-q5,GTH,5,78,GTH-PBE0-q5
Po,84,TZV2P-MOLOPT-UZH-PBE0-GTH-q6,TZV2P-MOLOPT-PBE0-GTH-q6 | TZV2P-MOLOPT-HYB-GTH-q6,GTH,6,78,GTH-PBE0-q6
Po,84,TZVP-MOLOPT-UZH-PBE0-GTH-q6,TZVP-MOLOPT-PBE0-GTH-q6 | TZVP-MOLOPT-HYB-GTH-q6,GTH,6,78,GTH-PBE0-q6
Po,84,DZVP-MOLOPT-UZH-PBE0-GTH-q6,DZVP-MOLOPT-PBE0-GTH-q6 | DZVP-MOLOPT-HYB-GTH-q6,GTH,6,78,GTH-PBE0-q6
At,85,TZV2P-MOLOPT-UZH-PBE0-GTH-q7,TZV2P-MOLOPT-PBE0-GTH-q7 | TZV2P-MOLOPT-HYB-GTH-q7,GTH,7,78,GTH-PBE0-q7
At,85,TZVP-MOLOPT-UZH-PBE0-GTH-q7,TZVP-MOLOPT-PBE0-GTH-q7 | TZVP-MOLOPT-HYB-GTH-q7,GTH,7,78,GTH-PBE0-q7
At,85,DZVP-MOLOPT-UZH-PBE0-GTH-q7,DZVP-MOLOPT-PBE0-GTH-q7 | DZVP-MOLOPT-HYB-GTH-q7,GTH,7,78,GTH-PBE0-q7
Rn,86,TZV2P-MOLOPT-UZH-PBE0-GTH-q8,TZV2P-MOLOPT-PBE0-GTH-q8 | TZV2P-MOLOPT-HYB-GTH-q8,GTH,8,78,GTH-PBE0-q8
Rn,86,TZVP-MOLOPT-UZH-PBE0-GTH-q8,TZVP-MOLOPT-PBE0-GTH-q8 | TZVP-MOLOPT-HYB-GTH-q8,GTH,8,78,GTH-PBE0-q8
Rn,86,DZVP-MOLOPT-UZH-PBE0-GTH-q8,DZVP-MOLOPT-PBE0-GTH-q8 | DZVP-MOLOPT-HYB-GTH-q8,GTH,8,78,GTH-PBE0-q8
H,1,SVP-MOLOPT-UZH-PBE-ae,SVP-MOLOPT-PBE-ae | SVP-MOLOPT-GGA-ae,all-electron,1,0,ALL
H,1,TZVPP-MOLOPT-UZH-PBE-ae,TZVPP-MOLOPT-PBE-ae | TZVPP-MOLOPT-GGA-ae,all-electron,1,0,ALL
H,1,QZVPP-MOLOPT-UZH-PBE-ae,QZVPP-MOLOPT-PBE-ae | QZVPP-MOLOPT-GGA-ae,all-electron,1,0,ALL
He,2,SVP-MOLOPT-UZH-PBE-ae,SVP-MOLOPT-PBE-ae | SVP-MOLOPT-GGA-ae,all-electron,2,0,ALL
He,2,TZVPP-MOLOPT-UZH-PBE-ae,TZVPP-MOLOPT-PBE-ae | TZVPP-MOLOPT-GGA-ae,all-electron,2,0,ALL
He,2,QZVPP-MOLOPT-UZH-PBE-ae,QZVPP-MOLOPT-PBE-ae | QZVPP-MOLOPT-GGA-ae,all-electron,2,0,ALL
Li,3,SVP-MOLOPT-UZH-PBE-ae,SVP-MOLOPT-PBE-ae | SVP-MOLOPT-GGA-ae,all-electron,3,0,ALL
Li,3,TZVPP-MOLOPT-UZH-PBE-ae,TZVPP-MOLOPT-PBE-ae | TZVPP-MOLOPT-GGA-ae,all-electron,3,0,ALL
Li,3,QZVPP-MOLOPT-UZH-PBE-ae,QZVPP-MOLOPT-PBE-ae | QZVPP-MOLOPT-GGA-ae,all-electron,3,0,ALL
Be,4,SVP-MOLOPT-UZH-PBE-ae,SVP-MOLOPT-PBE-ae | SVP-MOLOPT-GGA-ae,all-electron,4,0,ALL
Be,4,TZVPP-MOLOPT-UZH-PBE-ae,TZVPP-MOLOPT-PBE-ae | TZVPP-MOLOPT-GGA-ae,all-electron,4,0,ALL
Be,4,QZVPP-MOLOPT-UZH-PBE-ae,QZVPP-MOLOPT-PBE-ae | QZVPP-MOLOPT-GGA-ae,all-electron,4,0,ALL
B,5,SVP-MOLOPT-UZH-PBE-ae,SVP-MOLOPT-PBE-ae | SVP-MOLOPT-GGA-ae,all-electron,5,0,ALL
B,5,TZVPP-MOLOPT-UZH-PBE-ae,TZVPP-MOLOPT-PBE-ae | TZVPP-MOLOPT-GGA-ae,all-electron,5,0,ALL
B,5,QZVPP-MOLOPT-UZH-PBE-ae,QZVPP-MOLOPT-PBE-ae | QZVPP-MOLOPT-GGA-ae,all-electron,5,0,ALL
C,6,SVP-MOLOPT-UZH-PBE-ae,SVP-MOLOPT-PBE-ae | SVP-MOLOPT-GGA-ae,all-electron,6,0,ALL
C,6,TZVPP-MOLOPT-UZH-PBE-ae,TZVPP-MOLOPT-PBE-ae | TZVPP-MOLOPT-GGA-ae,all-electron,6,0,ALL
C,6,QZVPP-MOLOPT-UZH-PBE-ae,QZVPP-MOLOPT-PBE-ae | QZVPP-MOLOPT-GGA-ae,all-electron,6,0,ALL
N,7,SVP-MOLOPT-UZH-PBE-ae,SVP-MOLOPT-PBE-ae | SVP-MOLOPT-GGA-ae,all-electron,7,0,ALL
N,7,TZVPP-MOLOPT-UZH-PBE-ae,TZVPP-MOLOPT-PBE-ae | TZVPP-MOLOPT-GGA-ae,all-electron,7,0,ALL
N,7,QZVPP-MOLOPT-UZH-PBE-ae,QZVPP-MOLOPT-PBE-ae | QZVPP-MOLOPT-GGA-ae,all-electron,7,0,ALL
O,8,SVP-MOLOPT-UZH-PBE-ae,SVP-MOLOPT-PBE-ae | SVP-MOLOPT-GGA-ae,all-electron,8,0,ALL
O,8,TZVPP-MOLOPT-UZH-PBE-ae,TZVPP-MOLOPT-PBE-ae | TZVPP-MOLOPT-GGA-ae,all-electron,8,0,ALL
O,8,QZVPP-MOLOPT-UZH-PBE-ae,QZVPP-MOLOPT-PBE-ae | QZVPP-MOLOPT-GGA-ae,all-electron,8,0,ALL
F,9,SVP-MOLOPT-UZH-PBE-ae,SVP-MOLOPT-PBE-ae | SVP-MOLOPT-GGA-ae,all-electron,9,0,ALL
F,9,TZVPP-MOLOPT-UZH-PBE-ae,TZVPP-MOLOPT-PBE-ae | TZVPP-MOLOPT-GGA-ae,all-electron,9,0,ALL
F,9,QZVPP-MOLOPT-UZH-PBE-ae,QZVPP-MOLOPT-PBE-ae | QZVPP-MOLOPT-GGA-ae,all-electron,9,0,ALL
Ne,10,SVP-MOLOPT-UZH-PBE-ae,SVP-MOLOPT-PBE-ae | SVP-MOLOPT-GGA-ae,all-electron,10,0,ALL
Ne,10,TZVPP-MOLOPT-UZH-PBE-ae,TZVPP-MOLOPT-PBE-ae | TZVPP-MOLOPT-GGA-ae,all-electron,10,0,ALL
Ne,10,QZVPP-MOLOPT-UZH-PBE-ae,QZVPP-MOLOPT-PBE-ae | QZVPP-MOLOPT-GGA-ae,all-electron,10,0,ALL
Na,11,SVP-MOLOPT-UZH-PBE-ae,SVP-MOLOPT-PBE-ae | SVP-MOLOPT-GGA-ae,all-electron,11,0,ALL
Na,11,TZVPP-MOLOPT-UZH-PBE-ae,TZVPP-MOLOPT-PBE-ae | TZVPP-MOLOPT-GGA-ae,all-electron,11,0,ALL
Na,11,QZVPP-MOLOPT-UZH-PBE-ae,QZVPP-MOLOPT-PBE-ae | QZVPP-MOLOPT-GGA-ae,all-electron,11,0,ALL
Mg,12,SVP-MOLOPT-UZH-PBE-ae,SVP-MOLOPT-PBE-ae | SVP-MOLOPT-GGA-ae,all-electron,12,0,ALL
Mg,12,TZVPP-MOLOPT-UZH-PBE-ae,TZVPP-MOLOPT-PBE-ae | TZVPP-MOLOPT-GGA-ae,all-electron,12,0,ALL
Mg,12,QZVPP-MOLOPT-UZH-PBE-ae,QZVPP-MOLOPT-PBE-ae | QZVPP-MOLOPT-GGA-ae,all-electron,12,0,ALL
Al,13,SVP-MOLOPT-UZH-PBE-ae,SVP-MOLOPT-PBE-ae | SVP-MOLOPT-GGA-ae,all-electron,13,0,ALL
Al,13,TZVPP-MOLOPT-UZH-PBE-ae,TZVPP-MOLOPT-PBE-ae | TZVPP-MOLOPT-GGA-ae,all-electron,13,0,ALL
Al,13,QZVPP-MOLOPT-UZH-PBE-ae,QZVPP-MOLOPT-PBE-ae | QZVPP-MOLOPT-GGA-ae,all-electron,13,0,ALL
Si,14,SVP-MOLOPT-UZH-PBE-ae,SVP-MOLOPT-PBE-ae | SVP-MOLOPT-GGA-ae,all-electron,14,0,ALL
Si,14,TZVPP-MOLOPT-UZH-PBE-ae,TZVPP-MOLOPT-PBE-ae | TZVPP-MOLOPT-GGA-ae,all-electron,14,0,ALL
Si,14,QZVPP-MOLOPT-UZH-PBE-ae,QZVPP-MOLOPT-PBE-ae | QZVPP-MOLOPT-GGA-ae,all-electron,14,0,ALL
P,15,SVP-MOLOPT-UZH-PBE-ae,SVP-MOLOPT-PBE-ae | SVP-MOLOPT-GGA-ae,all-electron,15,0,ALL
P,15,TZVPP-MOLOPT-UZH-PBE-ae,TZVPP-MOLOPT-PBE-ae | TZVPP-MOLOPT-GGA-ae,all-electron,15,0,ALL
P,15,QZVPP-MOLOPT-UZH-PBE-ae,QZVPP-MOLOPT-PBE-ae | QZVPP-MOLOPT-GGA-ae,all-electron,15,0,ALL
S,16,SVP-MOLOPT-UZH-PBE-ae,SVP-MOLOPT-PBE-ae | SVP-MOLOPT-GGA-ae,all-electron,16,0,ALL
S,16,TZVPP-MOLOPT-UZH-PBE-ae,TZVPP-MOLOPT-PBE-ae | TZVPP-MOLOPT-GGA-ae,all-electron,16,0,ALL
S,16,QZVPP-MOLOPT-UZH-PBE-ae,QZVPP-MOLOPT-PBE-ae | QZVPP-MOLOPT-GGA-ae,all-electron,16,0,ALL
Cl,17,SVP-MOLOPT-UZH-PBE-ae,SVP-MOLOPT-PBE-ae | SVP-MOLOPT-GGA-ae,all-electron,17,0,ALL
Cl,17,TZVPP-MOLOPT-UZH-PBE-ae,TZVPP-MOLOPT-PBE-ae | TZVPP-MOLOPT-GGA-ae,all-electron,17,0,ALL
Cl,17,QZVPP-MOLOPT-UZH-PBE-ae,QZVPP-MOLOPT-PBE-ae | QZVPP-MOLOPT-GGA-ae,all-electron,17,0,ALL
Ar,18,SVP-MOLOPT-UZH-PBE-ae,SVP-MOLOPT-PBE-ae | SVP-MOLOPT-GGA-ae,all-electron,18,0,ALL
Ar,18,TZVPP-MOLOPT-UZH-PBE-ae,TZVPP-MOLOPT-PBE-ae | TZVPP-MOLOPT-GGA-ae,all-electron,18,0,ALL
Ar,18,QZVPP-MOLOPT-UZH-PBE-ae,QZVPP-MOLOPT-PBE-ae | QZVPP-MOLOPT-GGA-ae,all-electron,18,0,ALL
K,19,SVP-MOLOPT-UZH-PBE-ae,SVP-MOLOPT-PBE-ae | SVP-MOLOPT-GGA-ae,all-electron,19,0,ALL
K,19,TZVPP-MOLOPT-UZH-PBE-ae,TZVPP-MOLOPT-PBE-ae | TZVPP-MOLOPT-GGA-ae,all-electron,19,0,ALL
K,19,QZVPP-MOLOPT-UZH-PBE-ae,QZVPP-MOLOPT-PBE-ae | QZVPP-MOLOPT-GGA-ae,all-electron,19,0,ALL
Ca,20,SVP-MOLOPT-UZH-PBE-ae,SVP-MOLOPT-PBE-ae | SVP-MOLOPT-GGA-ae,all-electron,20,0,ALL
Ca,20,TZVPP-MOLOPT-UZH-PBE-ae,TZVPP-MOLOPT-PBE-ae | TZVPP-MOLOPT-GGA-ae,all-electron,20,0,ALL
Ca,20,QZVPP-MOLOPT-UZH-PBE-ae,QZVPP-MOLOPT-PBE-ae | QZVPP-MOLOPT-GGA-ae,all-electron,20,0,ALL
Sc,21,SVP-MOLOPT-UZH-PBE-ae,SVP-MOLOPT-PBE-ae | SVP-MOLOPT-GGA-ae,all-electron,21,0,ALL
Sc,21,TZVPP-MOLOPT-UZH-PBE-ae,TZVPP-MOLOPT-PBE-ae | TZVPP-MOLOPT-GGA-ae,all-electron,21,0,ALL
Sc,21,QZVPP-MOLOPT-UZH-PBE-ae,QZVPP-MOLOPT-PBE-ae | QZVPP-MOLOPT-GGA-ae,all-electron,21,0,ALL
Ti,22,SVP-MOLOPT-UZH-PBE-ae,SVP-MOLOPT-PBE-ae | SVP-MOLOPT-GGA-ae,all-electron,22,0,ALL
Ti,22,TZVPP-MOLOPT-UZH-PBE-ae,TZVPP-MOLOPT-PBE-ae | TZVPP-MOLOPT-GGA-ae,all-electron,22,0,ALL
Ti,22,QZVPP-MOLOPT-UZH-PBE-ae,QZVPP-MOLOPT-PBE-ae | QZVPP-MOLOPT-GGA-ae,all-electron,22,0,ALL
V,23,SVP-MOLOPT-UZH-PBE-ae,SVP-MOLOPT-PBE-ae | SVP-MOLOPT-GGA-ae,all-electron,23,0,ALL
V,23,TZVPP-MOLOPT-UZH-PBE-ae,TZVPP-MOLOPT-PBE-ae | TZVPP-MOLOPT-GGA-ae,all-electron,23,0,ALL
V,23,QZVPP-MOLOPT-UZH-PBE-ae,QZVPP-MOLOPT-PBE-ae | QZVPP-MOLOPT-GGA-ae,all-electron,23,0,ALL
Cr,24,SVP-MOLOPT-UZH-PBE-ae,SVP-MOLOPT-PBE-ae | SVP-MOLOPT-GGA-ae,all-electron,24,0,ALL
Cr,24,TZVPP-MOLOPT-UZH-PBE-ae,TZVPP-MOLOPT-PBE-ae | TZVPP-MOLOPT-GGA-ae,all-electron,24,0,ALL
Cr,24,QZVPP-MOLOPT-UZH-PBE-ae,QZVPP-MOLOPT-PBE-ae | QZVPP-MOLOPT-GGA-ae,all-electron,24,0,ALL
Mn,25,SVP-MOLOPT-UZH-PBE-ae,SVP-MOLOPT-PBE-ae | SVP-MOLOPT-GGA-ae,all-electron,25,0,ALL
Mn,25,TZVPP-MOLOPT-UZH-PBE-ae,TZVPP-MOLOPT-PBE-ae | TZVPP-MOLOPT-GGA-ae,all-electron,25,0,ALL
Mn,25,QZVPP-MOLOPT-UZH-PBE-ae,QZVPP-MOLOPT-PBE-ae | QZVPP-MOLOPT-GGA-ae,all-electron,25,0,ALL
Fe,26,SVP-MOLOPT-UZH-PBE-ae,SVP-MOLOPT-PBE-ae | SVP-MOLOPT-GGA-ae,all-electron,26,0,ALL
Fe,26,TZVPP-MOLOPT-UZH-PBE-ae,TZVPP-MOLOPT-PBE-ae | TZVPP-MOLOPT-GGA-ae,all-electron,26,0,ALL
Fe,26,QZVPP-MOLOPT-UZH-PBE-ae,QZVPP-MOLOPT-PBE-ae | QZVPP-MOLOPT-GGA-ae,all-electron,26,0,ALL
Co,27,SVP-MOLOPT-UZH-PBE-ae,SVP-MOLOPT-PBE-ae | SVP-MOLOPT-GGA-ae,all-electron,27,0,ALL
Co,27,TZVPP-MOLOPT-UZH-PBE-ae,TZVPP-MOLOPT-PBE-ae | TZVPP-MOLOPT-GGA-ae,all-electron,27,0,ALL
Co,27,QZVPP-MOLOPT-UZH-PBE-ae,QZVPP-MOLOPT-PBE-ae | QZVPP-MOLOPT-GGA-ae,all-electron,27,0,ALL
Ni,28,SVP-MOLOPT-UZH-PBE-ae,SVP-MOLOPT-PBE-ae | SVP-MOLOPT-GGA-ae,all-electron,28,0,ALL
Ni,28,TZVPP-MOLOPT-UZH-PBE-ae,TZVPP-MOLOPT-PBE-ae | TZVPP-MOLOPT-GGA-ae,all-electron,28,0,ALL
Ni,28,QZVPP-MOLOPT-UZH-PBE-ae,QZVPP-MOLOPT-PBE-ae | QZVPP-MOLOPT-GGA-ae,all-electron,28,0,ALL
Cu,29,SVP-MOLOPT-UZH-PBE-ae,SVP-MOLOPT-PBE-ae | SVP-MOLOPT-GGA-ae,all-electron,29,0,ALL
Cu,29,TZVPP-MOLOPT-UZH-PBE-ae,TZVPP-MOLOPT-PBE-ae | TZVPP-MOLOPT-GGA-ae,all-electron,29,0,ALL
Cu,29,QZVPP-MOLOPT-UZH-PBE-ae,QZVPP-MOLOPT-PBE-ae | QZVPP-MOLOPT-GGA-ae,all-electron,29,0,ALL
Zn,30,SVP-MOLOPT-UZH-PBE-ae,SVP-MOLOPT-PBE-ae | SVP-MOLOPT-GGA-ae,all-electron,30,0,ALL
Zn,30,TZVPP-MOLOPT-UZH-PBE-ae,TZVPP-MOLOPT-PBE-ae | TZVPP-MOLOPT-GGA-ae,all-electron,30,0,ALL
Zn,30,QZVPP-MOLOPT-UZH-PBE-ae,QZVPP-MOLOPT-PBE-ae | QZVPP-MOLOPT-GGA-ae,all-electron,30,0,ALL
Ga,31,SVP-MOLOPT-UZH-PBE-ae,SVP-MOLOPT-PBE-ae | SVP-MOLOPT-GGA-ae,all-electron,31,0,ALL
Ga,31,TZVPP-MOLOPT-UZH-PBE-ae,TZVPP-MOLOPT-PBE-ae | TZVPP-MOLOPT-GGA-ae,all-electron,31,0,ALL
Ga,31,QZVPP-MOLOPT-UZH-PBE-ae,QZVPP-MOLOPT-PBE-ae | QZVPP-MOLOPT-GGA-ae,all-electron,31,0,ALL
Ge,32,SVP-MOLOPT-UZH-PBE-ae,SVP-MOLOPT-PBE-ae | SVP-MOLOPT-GGA-ae,all-electron,32,0,ALL
Ge,32,TZVPP-MOLOPT-UZH-PBE-ae,TZVPP-MOLOPT-PBE-ae | TZVPP-MOLOPT-GGA-ae,all-electron,32,0,ALL
Ge,32,QZVPP-MOLOPT-UZH-PBE-ae,QZVPP-MOLOPT-PBE-ae | QZVPP-MOLOPT-GGA-ae,all-electron,32,0,ALL
As,33,SVP-MOLOPT-UZH-PBE-ae,SVP-MOLOPT-PBE-ae | SVP-MOLOPT-GGA-ae,all-electron,33,0,ALL
As,33,TZVPP-MOLOPT-UZH-PBE-ae,TZVPP-MOLOPT-PBE-ae | TZVPP-MOLOPT-GGA-ae,all-electron,33,0,ALL
As,33,QZVPP-MOLOPT-UZH-PBE-ae,QZVPP-MOLOPT-PBE-ae | QZVPP-MOLOPT-GGA-ae,all-electron,33,0,ALL
Se,34,SVP-MOLOPT-UZH-PBE-ae,SVP-MOLOPT-PBE-ae | SVP-MOLOPT-GGA-ae,all-electron,34,0,ALL
Se,34,TZVPP-MOLOPT-UZH-PBE-ae,TZVPP-MOLOPT-PBE-ae | TZVPP-MOLOPT-GGA-ae,all-electron,34,0,ALL
Se,34,QZVPP-MOLOPT-UZH-PBE-ae,QZVPP-MOLOPT-PBE-ae | QZVPP-MOLOPT-GGA-ae,all-electron,34,0,ALL
Br,35,SVP-MOLOPT-UZH-PBE-ae,SVP-MOLOPT-PBE-ae | SVP-MOLOPT-GGA-ae,all-electron,35,0,ALL
Br,35,TZVPP-MOLOPT-UZH-PBE-ae,TZVPP-MOLOPT-PBE-ae | TZVPP-MOLOPT-GGA-ae,all-electron,35,0,ALL
Br,35,QZVPP-MOLOPT-UZH-PBE-ae,QZVPP-MOLOPT-PBE-ae | QZVPP-MOLOPT-GGA-ae,all-electron,35,0,ALL
Kr,36,SVP-MOLOPT-UZH-PBE-ae,SVP-MOLOPT-PBE-ae | SVP-MOLOPT-GGA-ae,all-electron,36,0,ALL
Kr,36,TZVPP-MOLOPT-UZH-PBE-ae,TZVPP-MOLOPT-PBE-ae | TZVPP-MOLOPT-GGA-ae,all-electron,36,0,ALL
Kr,36,QZVPP-MOLOPT-UZH-PBE-ae,QZVPP-MOLOPT-PBE-ae | QZVPP-MOLOPT-GGA-ae,all-electron,36,0,ALL
Rb,37,SVP-MOLOPT-UZH-PBE-GTH-q9,SVP-MOLOPT-PBE-GTH-q9 | SVP-MOLOPT-GGA-GTH-q9,GTH,9,28,GTH-PBE-q9
Rb,37,TZVPP-MOLOPT-UZH-PBE-GTH-q9,TZVPP-MOLOPT-PBE-GTH-q9 | TZVPP-MOLOPT-GGA-GTH-q9,GTH,9,28,GTH-PBE-q9
Rb,37,QZVPP-MOLOPT-UZH-PBE-GTH-q9,QZVPP-MOLOPT-PBE-GTH-q9 | QZVPP-MOLOPT-GGA-GTH-q9,GTH,9,28,GTH-PBE-q9
Sr,38,SVP-MOLOPT-UZH-PBE-GTH-q10,SVP-MOLOPT-PBE-GTH-q10 | SVP-MOLOPT-GGA-GTH-q10,GTH,10,28,GTH-PBE-q10
Sr,38,TZVPP-MOLOPT-UZH-PBE-GTH-q10,TZVPP-MOLOPT-PBE-GTH-q10 | TZVPP-MOLOPT-GGA-GTH-q10,GTH,10,28,GTH-PBE-q10
Sr,38,QZVPP-MOLOPT-UZH-PBE-GTH-q10,QZVPP-MOLOPT-PBE-GTH-q10 | QZVPP-MOLOPT-GGA-GTH-q10,GTH,10,28,GTH-PBE-q10
Y,39,SVP-MOLOPT-UZH-PBE-GTH-q11,SVP-MOLOPT-PBE-GTH-q11 | SVP-MOLOPT-GGA-GTH-q11,GTH,11,28,GTH-PBE-q11
Y,39,TZVPP-MOLOPT-UZH-PBE-GTH-q11,TZVPP-MOLOPT-PBE-GTH-q11 | TZVPP-MOLOPT-GGA-GTH-q11,GTH,11,28,GTH-PBE-q11
Y,39,QZVPP-MOLOPT-UZH-PBE-GTH-q11,QZVPP-MOLOPT-PBE-GTH-q11 | QZVPP-MOLOPT-GGA-GTH-q11,GTH,11,28,GTH-PBE-q11
Zr,40,SVP-MOLOPT-UZH-PBE-GTH-q12,SVP-MOLOPT-PBE-GTH-q12 | SVP-MOLOPT-GGA-GTH-q12,GTH,12,28,GTH-PBE-q12
Zr,40,TZVPP-MOLOPT-UZH-PBE-GTH-q12,TZVPP-MOLOPT-PBE-GTH-q12 | TZVPP-MOLOPT-GGA-GTH-q12,GTH,12,28,GTH-PBE-q12
Zr,40,QZVPP-MOLOPT-UZH-PBE-GTH-q12,QZVPP-MOLOPT-PBE-GTH-q12 | QZVPP-MOLOPT-GGA-GTH-q12,GTH,12,28,GTH-PBE-q12
Nb,41,SVP-MOLOPT-UZH-PBE-GTH-q13,SVP-MOLOPT-PBE-GTH-q13 | SVP-MOLOPT-GGA-GTH-q13,GTH,13,28,GTH-PBE-q13
Nb,41,TZVPP-MOLOPT-UZH-PBE-GTH-q13,TZVPP-MOLOPT-PBE-GTH-q13 | TZVPP-MOLOPT-GGA-GTH-q13,GTH,13,28,GTH-PBE-q13
Nb,41,QZVPP-MOLOPT-UZH-PBE-GTH-q13,QZVPP-MOLOPT-PBE-GTH-q13 | QZVPP-MOLOPT-GGA-GTH-q13,GTH,13,28,GTH-PBE-q13
Mo,42,SVP-MOLOPT-UZH-PBE-GTH-q14,SVP-MOLOPT-PBE-GTH-q14 | SVP-MOLOPT-GGA-GTH-q14,GTH,14,28,GTH-PBE-q14
Mo,42,TZVPP-MOLOPT-UZH-PBE-GTH-q14,TZVPP-MOLOPT-PBE-GTH-q14 | TZVPP-MOLOPT-GGA-GTH-q14,GTH,14,28,GTH-PBE-q14
Mo,42,QZVPP-MOLOPT-UZH-PBE-GTH-q14,QZVPP-MOLOPT-PBE-GTH-q14 | QZVPP-MOLOPT-GGA-GTH-q14,GTH,14,28,GTH-PBE-q14
Tc,43,SVP-MOLOPT-UZH-PBE-GTH-q15,SVP-MOLOPT-PBE-GTH-q15 | SVP-MOLOPT-GGA-GTH-q15,GTH,15,28,GTH-PBE-q15
Tc,43,TZVPP-MOLOPT-UZH-PBE-GTH-q15,TZVPP-MOLOPT-PBE-GTH-q15 | TZVPP-MOLOPT-GGA-GTH-q15,GTH,15,28,GTH-PBE-q15
Tc,43,QZVPP-MOLOPT-UZH-PBE-GTH-q15,QZVPP-MOLOPT-PBE-GTH-q15 | QZVPP-MOLOPT-GGA-GTH-q15,GTH,15,28,GTH-PBE-q15
Ru,44,SVP-MOLOPT-UZH-PBE-GTH-q16,SVP-MOLOPT-PBE-GTH-q16 | SVP-MOLOPT-GGA-GTH-q16,GTH,16,28,GTH-PBE-q16
Ru,44,TZVPP-MOLOPT-UZH-PBE-GTH-q16,TZVPP-MOLOPT-PBE-GTH-q16 | TZVPP-MOLOPT-GGA-GTH-q16,GTH,16,28,GTH-PBE-q16
Ru,44,QZVPP-MOLOPT-UZH-PBE-GTH-q16,QZVPP-MOLOPT-PBE-GTH-q16 | QZVPP-MOLOPT-GGA-GTH-q16,GTH,16,28,GTH-PBE-q16
Rh,45,SVP-MOLOPT-UZH-PBE-GTH-q17,SVP-MOLOPT-PBE-GTH-q17 | SVP-MOLOPT-GGA-GTH-q17,GTH,17,28,GTH-PBE-q17
Rh,45,TZVPP-MOLOPT-UZH-PBE-GTH-q17,TZVPP-MOLOPT-PBE-GTH-q17 | TZVPP-MOLOPT-GGA-GTH-q17,GTH,17,28,GTH-PBE-q17
Rh,45,QZVPP-MOLOPT-UZH-PBE-GTH-q17,QZVPP-MOLOPT-PBE-GTH-q17 | QZVPP-MOLOPT-GGA-GTH-q17,GTH,17,28,GTH-PBE-q17
Pd,46,SVP-MOLOPT-UZH-PBE-GTH-q18,SVP-MOLOPT-PBE-GTH-q18 | SVP-MOLOPT-GGA-GTH-q18,GTH,18,28,GTH-PBE-q18
Pd,46,TZVPP-MOLOPT-UZH-PBE-GTH-q18,TZVPP-MOLOPT-PBE-GTH-q18 | TZVPP-MOLOPT-GGA-GTH-q18,GTH,18,28,GTH-PBE-q18
Pd,46,QZVPP-MOLOPT-UZH-PBE-GTH-q18,QZVPP-MOLOPT-PBE-GTH-q18 | QZVPP-MOLOPT-GGA-GTH-q18,GTH,18,28,GTH-PBE-q18
Ag,47,SVP-MOLOPT-UZH-PBE-GTH-q19,SVP-MOLOPT-PBE-GTH-q19 | SVP-MOLOPT-GGA-GTH-q19,GTH,19,28,GTH-PBE-q19
Ag,47,TZVPP-MOLOPT-UZH-PBE-GTH-q19,TZVPP-MOLOPT-PBE-GTH-q19 | TZVPP-MOLOPT-GGA-GTH-q19,GTH,19,28,GTH-PBE-q19
Ag,47,QZVPP-MOLOPT-UZH-PBE-GTH-q19,QZVPP-MOLOPT-PBE-GTH-q19 | QZVPP-MOLOPT-GGA-GTH-q19,GTH,19,28,GTH-PBE-q19
Cd,48,SVP-MOLOPT-UZH-PBE-GTH-q20,SVP-MOLOPT-PBE-GTH-q20 | SVP-MOLOPT-GGA-GTH-q20,GTH,20,28,GTH-PBE-q20
Cd,48,TZVPP-MOLOPT-UZH-PBE-GTH-q20,TZVPP-MOLOPT-PBE-GTH-q20 | TZVPP-MOLOPT-GGA-GTH-q20,GTH,20,28,GTH-PBE-q20
Cd,48,QZVPP-MOLOPT-UZH-PBE-GTH-q20,QZVPP-MOLOPT-PBE-GTH-q20 | QZVPP-MOLOPT-GGA-GTH-q20,GTH,20,28,GTH-PBE-q20
In,49,SVP-MOLOPT-UZH-PBE-GTH-q21,SVP-MOLOPT-PBE-GTH-q21 | SVP-MOLOPT-GGA-GTH-q21,GTH,21,28,GTH-PBE-q21
In,49,TZVPP-MOLOPT-UZH-PBE-GTH-q21,TZVPP-MOLOPT-PBE-GTH-q21 | TZVPP-MOLOPT-GGA-GTH-q21,GTH,21,28,GTH-PBE-q21
In,49,QZVPP-MOLOPT-UZH-PBE-GTH-q21,QZVPP-MOLOPT-PBE-GTH-q21 | QZVPP-MOLOPT-GGA-GTH-q21,GTH,21,28,GTH-PBE-q21
Sn,50,SVP-MOLOPT-UZH-PBE-GTH-q22,SVP-MOLOPT-PBE-GTH-q22 | SVP-MOLOPT-GGA-GTH-q22,GTH,22,28,GTH-PBE-q22
Sn,50,TZVPP-MOLOPT-UZH-PBE-GTH-q22,TZVPP-MOLOPT-PBE-GTH-q22 | TZVPP-MOLOPT-GGA-GTH-q22,GTH,22,28,GTH-PBE-q22
Sn,50,QZVPP-MOLOPT-UZH-PBE-GTH-q22,QZVPP-MOLOPT-PBE-GTH-q22 | QZVPP-MOLOPT-GGA-GTH-q22,GTH,22,28,GTH-PBE-q22
Sb,51,SVP-MOLOPT-UZH-PBE-GTH-q23,SVP-MOLOPT-PBE-GTH-q23 | SVP-MOLOPT-GGA-GTH-q23,GTH,23,28,GTH-PBE-q23
Sb,51,TZVPP-MOLOPT-UZH-PBE-GTH-q23,TZVPP-MOLOPT-PBE-GTH-q23 | TZVPP-MOLOPT-GGA-GTH-q23,GTH,23,28,GTH-PBE-q23
Sb,51,QZVPP-MOLOPT-UZH-PBE-GTH-q23,QZVPP-MOLOPT-PBE-GTH-q23 | QZVPP-MOLOPT-GGA-GTH-q23,GTH,23,28,GTH-PBE-q23
Te,52,SVP-MOLOPT-UZH-PBE-GTH-q24,SVP-MOLOPT-PBE-GTH-q24 | SVP-MOLOPT-GGA-GTH-q24,GTH,24,28,GTH-PBE-q24
Te,52,TZVPP-MOLOPT-UZH-PBE-GTH-q24,TZVPP-MOLOPT-PBE-GTH-q24 | TZVPP-MOLOPT-GGA-GTH-q24,GTH,24,28,GTH-PBE-q24
Te,52,QZVPP-MOLOPT-UZH-PBE-GTH-q24,QZVPP-MOLOPT-PBE-GTH-q24 | QZVPP-MOLOPT-GGA-GTH-q24,GTH,24,28,GTH-PBE-q24
I,53,SVP-MOLOPT-UZH-PBE-GTH-q25,SVP-MOLOPT-PBE-GTH-q25 | SVP-MOLOPT-GGA-GTH-q25,GTH,25,28,GTH-PBE-q25
I,53,TZVPP-MOLOPT-UZH-PBE-GTH-q25,TZVPP-MOLOPT-PBE-GTH-q25 | TZVPP-MOLOPT-GGA-GTH-q25,GTH,25,28,GTH-PBE-q25
I,53,QZVPP-MOLOPT-UZH-PBE-GTH-q25,QZVPP-MOLOPT-PBE-GTH-q25 | QZVPP-MOLOPT-GGA-GTH-q25,GTH,25,28,GTH-PBE-q25
Xe,54,SVP-MOLOPT-UZH-PBE-GTH-q26,SVP-MOLOPT-PBE-GTH-q26 | SVP-MOLOPT-GGA-GTH-q26,GTH,26,28,GTH-PBE-q26
Xe,54,TZVPP-MOLOPT-UZH-PBE-GTH-q26,TZVPP-MOLOPT-PBE-GTH-q26 | TZVPP-MOLOPT-GGA-GTH-q26,GTH,26,28,GTH-PBE-q26
Xe,54,QZVPP-MOLOPT-UZH-PBE-GTH-q26,QZVPP-MOLOPT-PBE-GTH-q26 | QZVPP-MOLOPT-GGA-GTH-q26,GTH,26,28,GTH-PBE-q26
Cs,55,SVP-MOLOPT-UZH-PBE-GTH-q9,SVP-MOLOPT-PBE-GTH-q9 | SVP-MOLOPT-GGA-GTH-q9,GTH,9,46,GTH-PBE-q9
Cs,55,TZVPP-MOLOPT-UZH-PBE-GTH-q9,TZVPP-MOLOPT-PBE-GTH-q9 | TZVPP-MOLOPT-GGA-GTH-q9,GTH,9,46,GTH-PBE-q9
Cs,55,QZVPP-MOLOPT-UZH-PBE-GTH-q9,QZVPP-MOLOPT-PBE-GTH-q9 | QZVPP-MOLOPT-GGA-GTH-q9,GTH,9,46,GTH-PBE-q9
Ba,56,SVP-MOLOPT-UZH-PBE-GTH-q10,SVP-MOLOPT-PBE-GTH-q10 | SVP-MOLOPT-GGA-GTH-q10,GTH,10,46,GTH-PBE-q10
Ba,56,TZVPP-MOLOPT-UZH-PBE-GTH-q10,TZVPP-MOLOPT-PBE-GTH-q10 | TZVPP-MOLOPT-GGA-GTH-q10,GTH,10,46,GTH-PBE-q10
Ba,56,QZVPP-MOLOPT-UZH-PBE-GTH-q10,QZVPP-MOLOPT-PBE-GTH-q10 | QZVPP-MOLOPT-GGA-GTH-q10,GTH,10,46,GTH-PBE-q10
Hf,72,SVP-MOLOPT-UZH-PBE-GTH-q12,SVP-MOLOPT-PBE-GTH-q12 | SVP-MOLOPT-GGA-GTH-q12,GTH,12,60,GTH-PBE-q12
Hf,72,TZVPP-MOLOPT-UZH-PBE-GTH-q12,TZVPP-MOLOPT-PBE-GTH-q12 | TZVPP-MOLOPT-GGA-GTH-q12,GTH,12,60,GTH-PBE-q12
Hf,72,QZVPP-MOLOPT-UZH-PBE-GTH-q12,QZVPP-MOLOPT-PBE-GTH-q12 | QZVPP-MOLOPT-GGA-GTH-q12,GTH,12,60,GTH-PBE-q12
Ta,73,SVP-MOLOPT-UZH-PBE-GTH-q13,SVP-MOLOPT-PBE-GTH-q13 | SVP-MOLOPT-GGA-GTH-q13,GTH,13,60,GTH-PBE-q13
Ta,73,TZVPP-MOLOPT-UZH-PBE-GTH-q13,TZVPP-MOLOPT-PBE-GTH-q13 | TZVPP-MOLOPT-GGA-GTH-q13,GTH,13,60,GTH-PBE-q13
Ta,73,QZVPP-MOLOPT-UZH-PBE-GTH-q13,QZVPP-MOLOPT-PBE-GTH-q13 | QZVPP-MOLOPT-GGA-GTH-q13,GTH,13,60,GTH-PBE-q13
W,74,SVP-MOLOPT-UZH-PBE-GTH-q14,SVP-MOLOPT-PBE-GTH-q14 | SVP-MOLOPT-GGA-GTH-q14,GTH,14,60,GTH-PBE-q14
W,74,TZVPP-MOLOPT-UZH-PBE-GTH-q14,TZVPP-MOLOPT-PBE-GTH-q14 | TZVPP-MOLOPT-GGA-GTH-q14,GTH,14,60,GTH-PBE-q14
W,74,QZVPP-MOLOPT-UZH-PBE-GTH-q14,QZVPP-MOLOPT-PBE-GTH-q14 | QZVPP-MOLOPT-GGA-GTH-q14,GTH,14,60,GTH-PBE-q14
Re,75,SVP-MOLOPT-UZH-PBE-GTH-q15,SVP-MOLOPT-PBE-GTH-q15 | SVP-MOLOPT-GGA-GTH-q15,GTH,15,60,GTH-PBE-q15
Re,75,TZVPP-MOLOPT-UZH-PBE-GTH-q15,TZVPP-MOLOPT-PBE-GTH-q15 | TZVPP-MOLOPT-GGA-GTH-q15,GTH,15,60,GTH-PBE-q15
Re,75,QZVPP-MOLOPT-UZH-PBE-GTH-q15,QZVPP-MOLOPT-PBE-GTH-q15 | QZVPP-MOLOPT-GGA-GTH-q15,GTH,15,60,GTH-PBE-q15
Os,76,SVP-MOLOPT-UZH-PBE-GTH-q16,SVP-MOLOPT-PBE-GTH-q16 | SVP-MOLOPT-GGA-GTH-q16,GTH,16,60,GTH-PBE-q16
Os,76,TZVPP-MOLOPT-UZH-PBE-GTH-q16,TZVPP-MOLOPT-PBE-GTH-q16 | TZVPP-MOLOPT-GGA-GTH-q16,GTH,16,60,GTH-PBE-q16
Os,76,QZVPP-MOLOPT-UZH-PBE-GTH-q16,QZVPP-MOLOPT-PBE-GTH-q16 | QZVPP-MOLOPT-GGA-GTH-q16,GTH,16,60,GTH-PBE-q16
Ir,77,SVP-MOLOPT-UZH-PBE-GTH-q17,SVP-MOLOPT-PBE-GTH-q17 | SVP-MOLOPT-GGA-GTH-q17,GTH,17,60,GTH-PBE-q17
Ir,77,TZVPP-MOLOPT-UZH-PBE-GTH-q17,TZVPP-MOLOPT-PBE-GTH-q17 | TZVPP-MOLOPT-GGA-GTH-q17,GTH,17,60,GTH-PBE-q17
Ir,77,QZVPP-MOLOPT-UZH-PBE-GTH-q17,QZVPP-MOLOPT-PBE-GTH-q17 | QZVPP-MOLOPT-GGA-GTH-q17,GTH,17,60,GTH-PBE-q17
Pt,78,SVP-MOLOPT-UZH-PBE-GTH-q18,SVP-MOLOPT-PBE-GTH-q18 | SVP-MOLOPT-GGA-GTH-q18,GTH,18,60,GTH-PBE-q18
Pt,78,TZVPP-MOLOPT-UZH-PBE-GTH-q18,TZVPP-MOLOPT-PBE-GTH-q18 | TZVPP-MOLOPT-GGA-GTH-q18,GTH,18,60,GTH-PBE-q18
Pt,78,QZVPP-MOLOPT-UZH-PBE-GTH-q18,QZVPP-MOLOPT-PBE-GTH-q18 | QZVPP-MOLOPT-GGA-GTH-q18,GTH,18,60,GTH-PBE-q18
Au,79,SVP-MOLOPT-UZH-PBE-GTH-q19,SVP-MOLOPT-PBE-GTH-q19 | SVP-MOLOPT-GGA-GTH-q19,GTH,19,60,GTH-PBE-q19
Au,79,TZVPP-MOLOPT-UZH-PBE-GTH-q19,TZVPP-MOLOPT-PBE-GTH-q19 | TZVPP-MOLOPT-GGA-GTH-q19,GTH,19,60,GTH-PBE-q19
Au,79,QZVPP-MOLOPT-UZH-PBE-GTH-q19,QZVPP-MOLOPT-PBE-GTH-q19 | QZVPP-MOLOPT-GGA-GTH-q19,GTH,19,60,GTH-PBE-q19
Hg,80,SVP-MOLOPT-UZH-PBE-GTH-q20,SVP-MOLOPT-PBE-GTH-q20 | SVP-MOLOPT-GGA-GTH-q20,GTH,20,60,GTH-PBE-q20
Hg,80,TZVPP-MOLOPT-UZH-PBE-GTH-q20,TZVPP-MOLOPT-PBE-GTH-q20 | TZVPP-MOLOPT-GGA-GTH-q20,GTH,20,60,GTH-PBE-q20
Hg,80,QZVPP-MOLOPT-UZH-PBE-GTH-q20,QZVPP-MOLOPT-PBE-GTH-q20 | QZVPP-MOLOPT-GGA-GTH-q20,GTH,20,60,GTH-PBE-q20
Tl,81,SVP-MOLOPT-UZH-PBE-GTH-q21,SVP-MOLOPT-PBE-GTH-q21 | SVP-MOLOPT-GGA-GTH-q21,GTH,21,60,GTH-PBE-q21
Tl,81,TZVPP-MOLOPT-UZH-PBE-GTH-q21,TZVPP-MOLOPT-PBE-GTH-q21 | TZVPP-MOLOPT-GGA-GTH-q21,GTH,21,60,GTH-PBE-q21
Tl,81,QZVPP-MOLOPT-UZH-PBE-GTH-q21,QZVPP-MOLOPT-PBE-GTH-q21 | QZVPP-MOLOPT-GGA-GTH-q21,GTH,21,60,GTH-PBE-q21
Pb,82,SVP-MOLOPT-UZH-PBE-GTH-q22,SVP-MOLOPT-PBE-GTH-q22 | SVP-MOLOPT-GGA-GTH-q22,GTH,22,60,GTH-PBE-q22
Pb,82,TZVPP-MOLOPT-UZH-PBE-GTH-q22,TZVPP-MOLOPT-PBE-GTH-q22 | TZVPP-MOLOPT-GGA-GTH-q22,GTH,22,60,GTH-PBE-q22
Pb,82,QZVPP-MOLOPT-UZH-PBE-GTH-q22,QZVPP-MOLOPT-PBE-GTH-q22 | QZVPP-MOLOPT-GGA-GTH-q22,GTH,22,60,GTH-PBE-q22
Bi,83,SVP-MOLOPT-UZH-PBE-GTH-q23,SVP-MOLOPT-PBE-GTH-q23 | SVP-MOLOPT-GGA-GTH-q23,GTH,23,60,GTH-PBE-q23
Bi,83,TZVPP-MOLOPT-UZH-PBE-GTH-q23,TZVPP-MOLOPT-PBE-GTH-q23 | TZVPP-MOLOPT-GGA-GTH-q23,GTH,23,60,GTH-PBE-q23
Bi,83,QZVPP-MOLOPT-UZH-PBE-GTH-q23,QZVPP-MOLOPT-PBE-GTH-q23 | QZVPP-MOLOPT-GGA-GTH-q23,GTH,23,60,GTH-PBE-q23
Po,84,SVP-MOLOPT-UZH-PBE-GTH-q24,SVP-MOLOPT-PBE-GTH-q24 | SVP-MOLOPT-GGA-GTH-q24,GTH,24,60,GTH-PBE-q24
Po,84,TZVPP-MOLOPT-UZH-PBE-GTH-q24,TZVPP-MOLOPT-PBE-GTH-q24 | TZVPP-MOLOPT-GGA-GTH-q24,GTH,24,60,GTH-PBE-q24
Po,84,QZVPP-MOLOPT-UZH-PBE-GTH-q24,QZVPP-MOLOPT-PBE-GTH-q24 | QZVPP-MOLOPT-GGA-GTH-q24,GTH,24,60,GTH-PBE-q24
At,85,SVP-MOLOPT-UZH-PBE-GTH-q25,SVP-MOLOPT-PBE-GTH-q25 | SVP-MOLOPT-GGA-GTH-q25,GTH,25,60,GTH-PBE-q25
At,85,TZVPP-MOLOPT-UZH-PBE-GTH-q25,TZVPP-MOLOPT-PBE-GTH-q25 | TZVPP-MOLOPT-GGA-GTH-q25,GTH,25,60,GTH-PBE-q25
At,85,QZVPP-MOLOPT-UZH-PBE-GTH-q25,QZVPP-MOLOPT-PBE-GTH-q25 | QZVPP-MOLOPT-GGA-GTH-q25,GTH,25,60,GTH-PBE-q25
Rn,86,SVP-MOLOPT-UZH-PBE-GTH-q26,SVP-MOLOPT-PBE-GTH-q26 | SVP-MOLOPT-GGA-GTH-q26,GTH,26,60,GTH-PBE-q26
Rn,86,TZVPP-MOLOPT-UZH-PBE-GTH-q26,TZVPP-MOLOPT-PBE-GTH-q26 | TZVPP-MOLOPT-GGA-GTH-q26,GTH,26,60,GTH-PBE-q26
Rn,86,QZVPP-MOLOPT-UZH-PBE-GTH-q26,QZVPP-MOLOPT-PBE-GTH-q26 | QZVPP-MOLOPT-GGA-GTH-q26,GTH,26,60,GTH-PBE-q26
