comparison	element	configuration	system	epsilon	status	left_min_volume	left_bulk_modulus_ev_ang3	left_bulk_deriv	right_min_volume	right_bulk_modulus_ev_ang3	right_bulk_deriv
total_improved_subset	Ac	X/BCC	Ac-X/BCC		missing_fit						
total_improved_subset	Ac	X/Diamond	Ac-X/Diamond		missing_fit						
total_improved_subset	Ac	X/FCC	Ac-X/FCC		missing_fit						
total_improved_subset	Ac	X/SC	Ac-X/SC		missing_fit						
total_improved_subset	Ag	X/BCC	Ag-X/BCC		missing_fit						
total_improved_subset	Ag	X/Diamond	Ag-X/Diamond		missing_fit						
total_improved_subset	Ag	X/FCC	Ag-X/FCC		missing_fit						
total_improved_subset	Ag	X/SC	Ag-X/SC		missing_fit						
total_improved_subset	Al	X/BCC	Al-X/BCC		missing_fit						
total_improved_subset	Al	X/Diamond	Al-X/Diamond		missing_fit						
total_improved_subset	Al	X/FCC	Al-X/FCC		missing_fit						
total_improved_subset	Al	X/SC	Al-X/SC		missing_fit						
total_improved_subset	Am	X/BCC	Am-X/BCC		missing_fit						
total_improved_subset	Am	X/Diamond	Am-X/Diamond		missing_fit						
total_improved_subset	Am	X/FCC	Am-X/FCC		missing_fit						
total_improved_subset	Am	X/SC	Am-X/SC		missing_fit						
total_improved_subset	Ar	X/BCC	Ar-X/BCC	1.46094055182	ok	51.6646181109	0.0046236415595	6.70963383638	53.3594836038	0.00442904414552	7.30835782823
total_improved_subset	Ar	X/Diamond	Ar-X/Diamond	1.46514716626	ok	190.777503442	0.0014472798236	7.78939188391	197.148459332	0.00133501630848	7.61559803032
total_improved_subset	Ar	X/FCC	Ar-X/FCC	1.57206827277	ok	50.3857021394	0.0046560217561	7.05660073822	52.2980276564	0.00473510730741	7.06169776254
total_improved_subset	Ar	X/SC	Ar-X/SC	1.66831504849	ok	62.311116094	0.00346656393168	7.8576405517	65.232822129	0.00301227095764	7.668672533
total_improved_subset	As	X/BCC	As-X/BCC		missing_fit						
total_improved_subset	As	X/Diamond	As-X/Diamond		missing_fit						
total_improved_subset	As	X/FCC	As-X/FCC		missing_fit						
total_improved_subset	As	X/SC	As-X/SC		missing_fit						
total_improved_subset	At	X/BCC	At-X/BCC		missing_fit						
total_improved_subset	At	X/Diamond	At-X/Diamond		missing_fit						
total_improved_subset	At	X/FCC	At-X/FCC		missing_fit						
total_improved_subset	At	X/SC	At-X/SC		missing_fit						
total_improved_subset	Au	X/BCC	Au-X/BCC		missing_fit						
total_improved_subset	Au	X/Diamond	Au-X/Diamond		missing_fit						
total_improved_subset	Au	X/FCC	Au-X/FCC		missing_fit						
total_improved_subset	Au	X/SC	Au-X/SC		missing_fit						
total_improved_subset	B	X/BCC	B-X/BCC		missing_fit						
total_improved_subset	B	X/Diamond	B-X/Diamond		missing_fit						
total_improved_subset	B	X/FCC	B-X/FCC		missing_fit						
total_improved_subset	B	X/SC	B-X/SC		missing_fit						
total_improved_subset	Ba	X/BCC	Ba-X/BCC	0.748125796668	ok	64.0732374016	0.055272868876	3.01093005962	63.2834987628	0.0542613457789	2.86851087083
total_improved_subset	Ba	X/Diamond	Ba-X/Diamond	1.92212179899	ok	125.739782139	0.0330831632152	8.30788818546	113.055425222	0.0516261373904	7.98330907317
total_improved_subset	Ba	X/FCC	Ba-X/FCC	0.875032323114	ok	65.0567135459	0.0516546888784	2.66639041901	64.0906271938	0.0504415420701	2.51649778474
total_improved_subset	Ba	X/SC	Ba-X/SC	1.46762766771	ok	63.6361135257	0.047874317682	3.7275149108	61.5745582021	0.0457161264618	3.59340986728
total_improved_subset	Be	X/BCC	Be-X/BCC		missing_fit						
total_improved_subset	Be	X/Diamond	Be-X/Diamond		missing_fit						
total_improved_subset	Be	X/FCC	Be-X/FCC		missing_fit						
total_improved_subset	Be	X/SC	Be-X/SC		missing_fit						
total_improved_subset	Bi	X/BCC	Bi-X/BCC		missing_fit						
total_improved_subset	Bi	X/Diamond	Bi-X/Diamond		missing_fit						
total_improved_subset	Bi	X/FCC	Bi-X/FCC		missing_fit						
total_improved_subset	Bi	X/SC	Bi-X/SC		missing_fit						
total_improved_subset	Bk	X/BCC	Bk-X/BCC		missing_fit						
total_improved_subset	Bk	X/Diamond	Bk-X/Diamond		missing_fit						
total_improved_subset	Bk	X/FCC	Bk-X/FCC		missing_fit						
total_improved_subset	Bk	X/SC	Bk-X/SC		missing_fit						
total_improved_subset	Br	X/BCC	Br-X/BCC		missing_fit						
total_improved_subset	Br	X/Diamond	Br-X/Diamond		missing_fit						
total_improved_subset	Br	X/FCC	Br-X/FCC		missing_fit						
total_improved_subset	Br	X/SC	Br-X/SC		missing_fit						
total_improved_subset	C	X/BCC	C-X/BCC		missing_fit						
total_improved_subset	C	X/Diamond	C-X/Diamond		missing_fit						
total_improved_subset	C	X/FCC	C-X/FCC		missing_fit						
total_improved_subset	C	X/SC	C-X/SC		missing_fit						
total_improved_subset	Ca	X/BCC	Ca-X/BCC	1.44820101139	ok	43.5144343635	0.110233534976	3.03975845026	42.1433054788	0.103527284392	2.74720339584
total_improved_subset	Ca	X/Diamond	Ca-X/Diamond	1.72155935543	ok	168.507366511	0.0247104624122	2.85114805787	159.932838315	0.0258139832462	2.73140833073
total_improved_subset	Ca	X/FCC	Ca-X/FCC	1.26179416812	ok	43.2595996824	0.108486302239	3.40481792727	42.1886379135	0.108450216511	3.26445951636
total_improved_subset	Ca	X/SC	Ca-X/SC	1.59163414237	ok	45.3774840114	0.0650728535929	3.55884584087	43.576945391	0.0672238747333	3.19131350455
total_improved_subset	Cd	X/BCC	Cd-X/BCC		missing_fit						
total_improved_subset	Cd	X/Diamond	Cd-X/Diamond		missing_fit						
total_improved_subset	Cd	X/FCC	Cd-X/FCC		missing_fit						
total_improved_subset	Cd	X/SC	Cd-X/SC		missing_fit						
total_improved_subset	Ce	X/BCC	Ce-X/BCC		missing_fit						
total_improved_subset	Ce	X/Diamond	Ce-X/Diamond		missing_fit						
total_improved_subset	Ce	X/FCC	Ce-X/FCC		missing_fit						
total_improved_subset	Ce	X/SC	Ce-X/SC		missing_fit						
total_improved_subset	Cf	X/BCC	Cf-X/BCC		missing_fit						
total_improved_subset	Cf	X/Diamond	Cf-X/Diamond		missing_fit						
total_improved_subset	Cf	X/FCC	Cf-X/FCC		missing_fit						
total_improved_subset	Cf	X/SC	Cf-X/SC		missing_fit						
total_improved_subset	Cl	X/BCC	Cl-X/BCC		missing_fit						
total_improved_subset	Cl	X/Diamond	Cl-X/Diamond		missing_fit						
total_improved_subset	Cl	X/FCC	Cl-X/FCC		missing_fit						
total_improved_subset	Cl	X/SC	Cl-X/SC		missing_fit						
total_improved_subset	Cm	X/BCC	Cm-X/BCC		missing_fit						
total_improved_subset	Cm	X/Diamond	Cm-X/Diamond		missing_fit						
total_improved_subset	Cm	X/FCC	Cm-X/FCC		missing_fit						
total_improved_subset	Cm	X/SC	Cm-X/SC		missing_fit						
total_improved_subset	Co	X/BCC	Co-X/BCC		missing_fit						
total_improved_subset	Co	X/Diamond	Co-X/Diamond		missing_fit						
total_improved_subset	Co	X/FCC	Co-X/FCC		missing_fit						
total_improved_subset	Co	X/SC	Co-X/SC		missing_fit						
total_improved_subset	Cr	X/BCC	Cr-X/BCC		missing_fit						
total_improved_subset	Cr	X/Diamond	Cr-X/Diamond		missing_fit						
total_improved_subset	Cr	X/FCC	Cr-X/FCC		missing_fit						
total_improved_subset	Cr	X/SC	Cr-X/SC		missing_fit						
total_improved_subset	Cs	X/BCC	Cs-X/BCC		missing_fit						
total_improved_subset	Cs	X/Diamond	Cs-X/Diamond		missing_fit						
total_improved_subset	Cs	X/FCC	Cs-X/FCC		missing_fit						
total_improved_subset	Cs	X/SC	Cs-X/SC		missing_fit						
total_improved_subset	Cu	X/BCC	Cu-X/BCC		missing_fit						
total_improved_subset	Cu	X/Diamond	Cu-X/Diamond		missing_fit						
total_improved_subset	Cu	X/FCC	Cu-X/FCC		missing_fit						
total_improved_subset	Cu	X/SC	Cu-X/SC		missing_fit						
total_improved_subset	Dy	X/BCC	Dy-X/BCC		missing_fit						
total_improved_subset	Dy	X/Diamond	Dy-X/Diamond		missing_fit						
total_improved_subset	Dy	X/FCC	Dy-X/FCC		missing_fit						
total_improved_subset	Dy	X/SC	Dy-X/SC		missing_fit						
total_improved_subset	Er	X/BCC	Er-X/BCC		missing_fit						
total_improved_subset	Er	X/Diamond	Er-X/Diamond		missing_fit						
total_improved_subset	Er	X/FCC	Er-X/FCC		missing_fit						
total_improved_subset	Er	X/SC	Er-X/SC		missing_fit						
total_improved_subset	Es	X/BCC	Es-X/BCC		missing_fit						
total_improved_subset	Es	X/Diamond	Es-X/Diamond		missing_fit						
total_improved_subset	Es	X/FCC	Es-X/FCC		missing_fit						
total_improved_subset	Es	X/SC	Es-X/SC		missing_fit						
total_improved_subset	Eu	X/BCC	Eu-X/BCC		missing_fit						
total_improved_subset	Eu	X/Diamond	Eu-X/Diamond		missing_fit						
total_improved_subset	Eu	X/FCC	Eu-X/FCC		missing_fit						
total_improved_subset	Eu	X/SC	Eu-X/SC		missing_fit						
total_improved_subset	F	X/BCC	F-X/BCC		missing_fit						
total_improved_subset	F	X/Diamond	F-X/Diamond		missing_fit						
total_improved_subset	F	X/FCC	F-X/FCC		missing_fit						
total_improved_subset	F	X/SC	F-X/SC		missing_fit						
total_improved_subset	Fe	X/BCC	Fe-X/BCC		missing_fit						
total_improved_subset	Fe	X/Diamond	Fe-X/Diamond		missing_fit						
total_improved_subset	Fe	X/FCC	Fe-X/FCC		missing_fit						
total_improved_subset	Fe	X/SC	Fe-X/SC		missing_fit						
total_improved_subset	Fm	X/BCC	Fm-X/BCC		missing_fit						
total_improved_subset	Fm	X/Diamond	Fm-X/Diamond		missing_fit						
total_improved_subset	Fm	X/FCC	Fm-X/FCC		missing_fit						
total_improved_subset	Fm	X/SC	Fm-X/SC		missing_fit						
total_improved_subset	Fr	X/BCC	Fr-X/BCC		missing_fit						
total_improved_subset	Fr	X/Diamond	Fr-X/Diamond		missing_fit						
total_improved_subset	Fr	X/FCC	Fr-X/FCC		missing_fit						
total_improved_subset	Fr	X/SC	Fr-X/SC		missing_fit						
total_improved_subset	Ga	X/BCC	Ga-X/BCC		missing_fit						
total_improved_subset	Ga	X/Diamond	Ga-X/Diamond		missing_fit						
total_improved_subset	Ga	X/FCC	Ga-X/FCC		missing_fit						
total_improved_subset	Ga	X/SC	Ga-X/SC		missing_fit						
total_improved_subset	Gd	X/BCC	Gd-X/BCC		missing_fit						
total_improved_subset	Gd	X/Diamond	Gd-X/Diamond		missing_fit						
total_improved_subset	Gd	X/FCC	Gd-X/FCC		missing_fit						
total_improved_subset	Gd	X/SC	Gd-X/SC		missing_fit						
total_improved_subset	Ge	X/BCC	Ge-X/BCC		missing_fit						
total_improved_subset	Ge	X/Diamond	Ge-X/Diamond		missing_fit						
total_improved_subset	Ge	X/FCC	Ge-X/FCC		missing_fit						
total_improved_subset	Ge	X/SC	Ge-X/SC		missing_fit						
total_improved_subset	H	X/BCC	H-X/BCC		missing_fit						
total_improved_subset	H	X/Diamond	H-X/Diamond		missing_fit						
total_improved_subset	H	X/FCC	H-X/FCC		missing_fit						
total_improved_subset	H	X/SC	H-X/SC		missing_fit						
total_improved_subset	He	X/BCC	He-X/BCC	0.208426441933	ok	17.9906196779	0.00549137844325	6.78261803546	18.0503682537	0.00522204649412	6.99034680246
total_improved_subset	He	X/Diamond	He-X/Diamond	0.851755211642	ok	65.2119266522	0.00171930835607	6.63773745972	64.2654538507	0.00170520624113	7.07971588307
total_improved_subset	He	X/FCC	He-X/FCC	0.339106664796	ok	17.7097728926	0.00583039056403	6.76881431982	17.8066805877	0.00542790948489	7.10703496321
total_improved_subset	He	X/SC	He-X/SC	0.647746742197	ok	21.740555779	0.00381313785785	6.63875199232	21.510432161	0.00378128472515	6.87947059133
total_improved_subset	Hf	X/BCC	Hf-X/BCC		missing_fit						
total_improved_subset	Hf	X/Diamond	Hf-X/Diamond		missing_fit						
total_improved_subset	Hf	X/FCC	Hf-X/FCC		missing_fit						
total_improved_subset	Hf	X/SC	Hf-X/SC		missing_fit						
total_improved_subset	Hg	X/BCC	Hg-X/BCC		missing_fit						
total_improved_subset	Hg	X/Diamond	Hg-X/Diamond		missing_fit						
total_improved_subset	Hg	X/FCC	Hg-X/FCC		missing_fit						
total_improved_subset	Hg	X/SC	Hg-X/SC		missing_fit						
total_improved_subset	Ho	X/BCC	Ho-X/BCC		missing_fit						
total_improved_subset	Ho	X/Diamond	Ho-X/Diamond		missing_fit						
total_improved_subset	Ho	X/FCC	Ho-X/FCC		missing_fit						
total_improved_subset	Ho	X/SC	Ho-X/SC		missing_fit						
total_improved_subset	I	X/BCC	I-X/BCC		missing_fit						
total_improved_subset	I	X/Diamond	I-X/Diamond		missing_fit						
total_improved_subset	I	X/FCC	I-X/FCC		missing_fit						
total_improved_subset	I	X/SC	I-X/SC		missing_fit						
total_improved_subset	In	X/BCC	In-X/BCC		missing_fit						
total_improved_subset	In	X/Diamond	In-X/Diamond		missing_fit						
total_improved_subset	In	X/FCC	In-X/FCC		missing_fit						
total_improved_subset	In	X/SC	In-X/SC		missing_fit						
total_improved_subset	Ir	X/BCC	Ir-X/BCC		missing_fit						
total_improved_subset	Ir	X/Diamond	Ir-X/Diamond		missing_fit						
total_improved_subset	Ir	X/FCC	Ir-X/FCC		missing_fit						
total_improved_subset	Ir	X/SC	Ir-X/SC		missing_fit						
total_improved_subset	K	X/BCC	K-X/BCC		missing_fit						
total_improved_subset	K	X/Diamond	K-X/Diamond		missing_fit						
total_improved_subset	K	X/FCC	K-X/FCC		missing_fit						
total_improved_subset	K	X/SC	K-X/SC		missing_fit						
total_improved_subset	Kr	X/BCC	Kr-X/BCC		missing_fit						
total_improved_subset	Kr	X/Diamond	Kr-X/Diamond		missing_fit						
total_improved_subset	Kr	X/FCC	Kr-X/FCC		missing_fit						
total_improved_subset	Kr	X/SC	Kr-X/SC		missing_fit						
total_improved_subset	La	X/BCC	La-X/BCC		missing_fit						
total_improved_subset	La	X/Diamond	La-X/Diamond		missing_fit						
total_improved_subset	La	X/FCC	La-X/FCC		missing_fit						
total_improved_subset	La	X/SC	La-X/SC		missing_fit						
total_improved_subset	Li	X/BCC	Li-X/BCC		missing_fit						
total_improved_subset	Li	X/Diamond	Li-X/Diamond		missing_fit						
total_improved_subset	Li	X/FCC	Li-X/FCC		missing_fit						
total_improved_subset	Li	X/SC	Li-X/SC		missing_fit						
total_improved_subset	Lr	X/BCC	Lr-X/BCC		missing_fit						
total_improved_subset	Lr	X/Diamond	Lr-X/Diamond		missing_fit						
total_improved_subset	Lr	X/FCC	Lr-X/FCC		missing_fit						
total_improved_subset	Lr	X/SC	Lr-X/SC		missing_fit						
total_improved_subset	Lu	X/BCC	Lu-X/BCC		missing_fit						
total_improved_subset	Lu	X/Diamond	Lu-X/Diamond		missing_fit						
total_improved_subset	Lu	X/FCC	Lu-X/FCC		missing_fit						
total_improved_subset	Lu	X/SC	Lu-X/SC		missing_fit						
total_improved_subset	Md	X/BCC	Md-X/BCC		missing_fit						
total_improved_subset	Md	X/Diamond	Md-X/Diamond		missing_fit						
total_improved_subset	Md	X/FCC	Md-X/FCC		missing_fit						
total_improved_subset	Md	X/SC	Md-X/SC		missing_fit						
total_improved_subset	Mg	X/BCC	Mg-X/BCC		missing_fit						
total_improved_subset	Mg	X/Diamond	Mg-X/Diamond		missing_fit						
total_improved_subset	Mg	X/FCC	Mg-X/FCC		missing_fit						
total_improved_subset	Mg	X/SC	Mg-X/SC		missing_fit						
total_improved_subset	Mn	X/BCC	Mn-X/BCC		missing_fit						
total_improved_subset	Mn	X/Diamond	Mn-X/Diamond		missing_fit						
total_improved_subset	Mn	X/FCC	Mn-X/FCC		missing_fit						
total_improved_subset	Mn	X/SC	Mn-X/SC		missing_fit						
total_improved_subset	Mo	X/BCC	Mo-X/BCC		missing_fit						
total_improved_subset	Mo	X/Diamond	Mo-X/Diamond		missing_fit						
total_improved_subset	Mo	X/FCC	Mo-X/FCC		missing_fit						
total_improved_subset	Mo	X/SC	Mo-X/SC		missing_fit						
total_improved_subset	N	X/BCC	N-X/BCC		missing_fit						
total_improved_subset	N	X/Diamond	N-X/Diamond		missing_fit						
total_improved_subset	N	X/FCC	N-X/FCC		missing_fit						
total_improved_subset	N	X/SC	N-X/SC		missing_fit						
total_improved_subset	Na	X/BCC	Na-X/BCC		missing_fit						
total_improved_subset	Na	X/Diamond	Na-X/Diamond		missing_fit						
total_improved_subset	Na	X/FCC	Na-X/FCC		missing_fit						
total_improved_subset	Na	X/SC	Na-X/SC		missing_fit						
total_improved_subset	Nb	X/BCC	Nb-X/BCC		missing_fit						
total_improved_subset	Nb	X/Diamond	Nb-X/Diamond		missing_fit						
total_improved_subset	Nb	X/FCC	Nb-X/FCC		missing_fit						
total_improved_subset	Nb	X/SC	Nb-X/SC		missing_fit						
total_improved_subset	Nd	X/BCC	Nd-X/BCC		missing_fit						
total_improved_subset	Nd	X/Diamond	Nd-X/Diamond		missing_fit						
total_improved_subset	Nd	X/FCC	Nd-X/FCC		missing_fit						
total_improved_subset	Nd	X/SC	Nd-X/SC		missing_fit						
total_improved_subset	Ne	X/BCC	Ne-X/BCC	1.75048261799	ok	23.3397309459	0.0108079709155	5.59359206961	24.7034439149	0.00760867560431	7.16838702427
total_improved_subset	Ne	X/Diamond	Ne-X/Diamond	1.7063142912	ok	84.825859043	0.00277246120925	6.80983303204	89.1688088315	0.00236805667049	7.13559973507
total_improved_subset	Ne	X/FCC	Ne-X/FCC	1.6946153876	ok	23.1085939467	0.0100216930005	5.57397787812	24.2828450523	0.00788875795541	7.4480522162
total_improved_subset	Ne	X/SC	Ne-X/SC	1.88978709157	ok	27.2261969181	0.0074470842209	7.10088092542	29.7501330053	0.00530313886213	7.07541244254
total_improved_subset	Ni	X/BCC	Ni-X/BCC		missing_fit						
total_improved_subset	Ni	X/Diamond	Ni-X/Diamond		missing_fit						
total_improved_subset	Ni	X/FCC	Ni-X/FCC		missing_fit						
total_improved_subset	Ni	X/SC	Ni-X/SC		missing_fit						
total_improved_subset	No	X/BCC	No-X/BCC		missing_fit						
total_improved_subset	No	X/Diamond	No-X/Diamond		missing_fit						
total_improved_subset	No	X/FCC	No-X/FCC		missing_fit						
total_improved_subset	No	X/SC	No-X/SC		missing_fit						
total_improved_subset	Np	X/BCC	Np-X/BCC		missing_fit						
total_improved_subset	Np	X/Diamond	Np-X/Diamond		missing_fit						
total_improved_subset	Np	X/FCC	Np-X/FCC		missing_fit						
total_improved_subset	Np	X/SC	Np-X/SC		missing_fit						
total_improved_subset	O	X/BCC	O-X/BCC		missing_fit						
total_improved_subset	O	X/Diamond	O-X/Diamond		missing_fit						
total_improved_subset	O	X/FCC	O-X/FCC		missing_fit						
total_improved_subset	O	X/SC	O-X/SC		missing_fit						
total_improved_subset	Os	X/BCC	Os-X/BCC		missing_fit						
total_improved_subset	Os	X/Diamond	Os-X/Diamond		missing_fit						
total_improved_subset	Os	X/FCC	Os-X/FCC		missing_fit						
total_improved_subset	Os	X/SC	Os-X/SC		missing_fit						
total_improved_subset	P	X/BCC	P-X/BCC		missing_fit						
total_improved_subset	P	X/Diamond	P-X/Diamond		missing_fit						
total_improved_subset	P	X/FCC	P-X/FCC		missing_fit						
total_improved_subset	P	X/SC	P-X/SC		missing_fit						
total_improved_subset	Pa	X/BCC	Pa-X/BCC		missing_fit						
total_improved_subset	Pa	X/Diamond	Pa-X/Diamond		missing_fit						
total_improved_subset	Pa	X/FCC	Pa-X/FCC		missing_fit						
total_improved_subset	Pa	X/SC	Pa-X/SC		missing_fit						
total_improved_subset	Pb	X/BCC	Pb-X/BCC		missing_fit						
total_improved_subset	Pb	X/Diamond	Pb-X/Diamond		missing_fit						
total_improved_subset	Pb	X/FCC	Pb-X/FCC		missing_fit						
total_improved_subset	Pb	X/SC	Pb-X/SC		missing_fit						
total_improved_subset	Pd	X/BCC	Pd-X/BCC		missing_fit						
total_improved_subset	Pd	X/Diamond	Pd-X/Diamond	1.55400770107	ok	50.8984542111	0.397291482498	5.39149170243	49.0116809834	0.412367590733	5.3747336115
total_improved_subset	Pd	X/FCC	Pd-X/FCC	1.43994704214	ok	15.8210412332	1.01679658168	5.55729753726	15.325786855	1.04814157742	5.44267759445
total_improved_subset	Pd	X/SC	Pd-X/SC	1.45001444502	ok	18.4486122553	0.735987698579	5.45910206279	17.8626576053	0.757374266708	5.42478636601
total_improved_subset	Pm	X/BCC	Pm-X/BCC		missing_fit						
total_improved_subset	Pm	X/Diamond	Pm-X/Diamond		missing_fit						
total_improved_subset	Pm	X/FCC	Pm-X/FCC		missing_fit						
total_improved_subset	Pm	X/SC	Pm-X/SC		missing_fit						
total_improved_subset	Po	X/BCC	Po-X/BCC		missing_fit						
total_improved_subset	Po	X/Diamond	Po-X/Diamond		missing_fit						
total_improved_subset	Po	X/FCC	Po-X/FCC		missing_fit						
total_improved_subset	Po	X/SC	Po-X/SC		missing_fit						
total_improved_subset	Pr	X/BCC	Pr-X/BCC		missing_fit						
total_improved_subset	Pr	X/Diamond	Pr-X/Diamond		missing_fit						
total_improved_subset	Pr	X/FCC	Pr-X/FCC		missing_fit						
total_improved_subset	Pr	X/SC	Pr-X/SC		missing_fit						
total_improved_subset	Pt	X/BCC	Pt-X/BCC		missing_fit						
total_improved_subset	Pt	X/Diamond	Pt-X/Diamond		missing_fit						
total_improved_subset	Pt	X/FCC	Pt-X/FCC		missing_fit						
total_improved_subset	Pt	X/SC	Pt-X/SC		missing_fit						
total_improved_subset	Pu	X/BCC	Pu-X/BCC		missing_fit						
total_improved_subset	Pu	X/Diamond	Pu-X/Diamond		missing_fit						
total_improved_subset	Pu	X/FCC	Pu-X/FCC		missing_fit						
total_improved_subset	Pu	X/SC	Pu-X/SC		missing_fit						
total_improved_subset	Ra	X/BCC	Ra-X/BCC		missing_fit						
total_improved_subset	Ra	X/Diamond	Ra-X/Diamond		missing_fit						
total_improved_subset	Ra	X/FCC	Ra-X/FCC		missing_fit						
total_improved_subset	Ra	X/SC	Ra-X/SC		missing_fit						
total_improved_subset	Rb	X/BCC	Rb-X/BCC		missing_fit						
total_improved_subset	Rb	X/Diamond	Rb-X/Diamond		missing_fit						
total_improved_subset	Rb	X/FCC	Rb-X/FCC		missing_fit						
total_improved_subset	Rb	X/SC	Rb-X/SC		missing_fit						
total_improved_subset	Re	X/BCC	Re-X/BCC		missing_fit						
total_improved_subset	Re	X/Diamond	Re-X/Diamond		missing_fit						
total_improved_subset	Re	X/FCC	Re-X/FCC		missing_fit						
total_improved_subset	Re	X/SC	Re-X/SC		missing_fit						
total_improved_subset	Rh	X/BCC	Rh-X/BCC	1.55940835853	ok	15.0365672779	1.40849054483	5.12609097154	14.4743734216	1.45204036103	5.02379585715
total_improved_subset	Rh	X/Diamond	Rh-X/Diamond	1.63828976989	ok	43.7627126647	0.77769652913	5.15043364349	41.8967660356	0.802229540473	5.11763866658
total_improved_subset	Rh	X/FCC	Rh-X/FCC		missing_fit						
total_improved_subset	Rh	X/SC	Rh-X/SC	1.55798749939	ok	16.9385244707	1.11575451758	5.08279498245	16.3075485975	1.13976255226	4.90302305394
total_improved_subset	Rn	X/BCC	Rn-X/BCC		missing_fit						
total_improved_subset	Rn	X/Diamond	Rn-X/Diamond		missing_fit						
total_improved_subset	Rn	X/FCC	Rn-X/FCC		missing_fit						
total_improved_subset	Rn	X/SC	Rn-X/SC		missing_fit						
total_improved_subset	Ru	X/BCC	Ru-X/BCC	1.57040658588	ok	14.7937736476	1.74470541393	4.78273624055	14.2326858206	1.74095893678	4.87534789794
total_improved_subset	Ru	X/Diamond	Ru-X/Diamond	1.68911611464	ok	42.5754170255	0.997403732205	4.66275281801	40.5762110097	1.01792934505	4.76369710665
total_improved_subset	Ru	X/FCC	Ru-X/FCC	1.5808529004	ok	14.3892074465	1.91029451261	4.77125725175	13.8340082948	1.90974579028	4.85754743944
total_improved_subset	Ru	X/SC	Ru-X/SC	1.63113260599	ok	16.5307945039	1.35758845229	4.69496713821	15.8348752178	1.37397828373	4.76016988807
total_improved_subset	S	X/BCC	S-X/BCC		missing_fit						
total_improved_subset	S	X/Diamond	S-X/Diamond		missing_fit						
total_improved_subset	S	X/FCC	S-X/FCC		missing_fit						
total_improved_subset	S	X/SC	S-X/SC		missing_fit						
total_improved_subset	Sb	X/BCC	Sb-X/BCC		missing_fit						
total_improved_subset	Sb	X/Diamond	Sb-X/Diamond		missing_fit						
total_improved_subset	Sb	X/FCC	Sb-X/FCC		missing_fit						
total_improved_subset	Sb	X/SC	Sb-X/SC		missing_fit						
total_improved_subset	Sc	X/BCC	Sc-X/BCC		missing_fit						
total_improved_subset	Sc	X/Diamond	Sc-X/Diamond		missing_fit						
total_improved_subset	Sc	X/FCC	Sc-X/FCC		missing_fit						
total_improved_subset	Sc	X/SC	Sc-X/SC		missing_fit						
total_improved_subset	Se	X/BCC	Se-X/BCC		missing_fit						
total_improved_subset	Se	X/Diamond	Se-X/Diamond		missing_fit						
total_improved_subset	Se	X/FCC	Se-X/FCC		missing_fit						
total_improved_subset	Se	X/SC	Se-X/SC		missing_fit						
total_improved_subset	Si	X/BCC	Si-X/BCC		missing_fit						
total_improved_subset	Si	X/Diamond	Si-X/Diamond		missing_fit						
total_improved_subset	Si	X/FCC	Si-X/FCC		missing_fit						
total_improved_subset	Si	X/SC	Si-X/SC		missing_fit						
total_improved_subset	Sm	X/BCC	Sm-X/BCC		missing_fit						
total_improved_subset	Sm	X/Diamond	Sm-X/Diamond		missing_fit						
total_improved_subset	Sm	X/FCC	Sm-X/FCC		missing_fit						
total_improved_subset	Sm	X/SC	Sm-X/SC		missing_fit						
total_improved_subset	Sn	X/BCC	Sn-X/BCC		missing_fit						
total_improved_subset	Sn	X/Diamond	Sn-X/Diamond		missing_fit						
total_improved_subset	Sn	X/FCC	Sn-X/FCC		missing_fit						
total_improved_subset	Sn	X/SC	Sn-X/SC		missing_fit						
total_improved_subset	Sr	X/BCC	Sr-X/BCC	0.20271967082	ok	54.1726591878	0.071583649948	3.78500511152	54.0024831612	0.0718483789642	3.68525643471
total_improved_subset	Sr	X/Diamond	Sr-X/Diamond	0.632699516617	ok	226.04344064	0.015486481523	2.88173519619	223.696393265	0.0166335569127	2.87855003338
total_improved_subset	Sr	X/FCC	Sr-X/FCC	0.17810741767	ok	55.0307299083	0.0731580692165	3.33659020727	54.8796629877	0.0728118192624	3.29729663497
total_improved_subset	Sr	X/SC	Sr-X/SC	0.159454635497	ok	57.2257003588	0.0459892034575	3.3604450842	57.0937714137	0.04419349865	3.72339895322
total_improved_subset	Ta	X/BCC	Ta-X/BCC		missing_fit						
total_improved_subset	Ta	X/Diamond	Ta-X/Diamond		missing_fit						
total_improved_subset	Ta	X/FCC	Ta-X/FCC		missing_fit						
total_improved_subset	Ta	X/SC	Ta-X/SC		missing_fit						
total_improved_subset	Tb	X/BCC	Tb-X/BCC		missing_fit						
total_improved_subset	Tb	X/Diamond	Tb-X/Diamond		missing_fit						
total_improved_subset	Tb	X/FCC	Tb-X/FCC		missing_fit						
total_improved_subset	Tb	X/SC	Tb-X/SC		missing_fit						
total_improved_subset	Tc	X/BCC	Tc-X/BCC	1.02799277106	ok	14.8924184404	1.79520045332	4.53754202256	14.619153018	1.82111414726	4.34988600876
total_improved_subset	Tc	X/Diamond	Tc-X/Diamond	1.02178593418	ok	43.2754170437	0.931993446977	4.3578891403	42.4863540471	0.94074361542	4.33066426517
total_improved_subset	Tc	X/FCC	Tc-X/FCC	1.0300535885	ok	14.7831002882	1.82464574144	4.4638394895	14.5097477491	1.85535795603	4.5407171135
total_improved_subset	Tc	X/SC	Tc-X/SC	0.992438179019	ok	16.5236147944	1.37671014999	4.49101618839	16.2344451216	1.39302580392	4.27989967467
total_improved_subset	Te	X/BCC	Te-X/BCC		missing_fit						
total_improved_subset	Te	X/Diamond	Te-X/Diamond		missing_fit						
total_improved_subset	Te	X/FCC	Te-X/FCC		missing_fit						
total_improved_subset	Te	X/SC	Te-X/SC		missing_fit						
total_improved_subset	Th	X/BCC	Th-X/BCC		missing_fit						
total_improved_subset	Th	X/Diamond	Th-X/Diamond		missing_fit						
total_improved_subset	Th	X/FCC	Th-X/FCC		missing_fit						
total_improved_subset	Th	X/SC	Th-X/SC		missing_fit						
total_improved_subset	Ti	X/BCC	Ti-X/BCC		missing_fit						
total_improved_subset	Ti	X/Diamond	Ti-X/Diamond		missing_fit						
total_improved_subset	Ti	X/FCC	Ti-X/FCC		missing_fit						
total_improved_subset	Ti	X/SC	Ti-X/SC		missing_fit						
total_improved_subset	Tl	X/BCC	Tl-X/BCC		missing_fit						
total_improved_subset	Tl	X/Diamond	Tl-X/Diamond		missing_fit						
total_improved_subset	Tl	X/FCC	Tl-X/FCC		missing_fit						
total_improved_subset	Tl	X/SC	Tl-X/SC		missing_fit						
total_improved_subset	Tm	X/BCC	Tm-X/BCC		missing_fit						
total_improved_subset	Tm	X/Diamond	Tm-X/Diamond		missing_fit						
total_improved_subset	Tm	X/FCC	Tm-X/FCC		missing_fit						
total_improved_subset	Tm	X/SC	Tm-X/SC		missing_fit						
total_improved_subset	U	X/BCC	U-X/BCC		missing_fit						
total_improved_subset	U	X/Diamond	U-X/Diamond		missing_fit						
total_improved_subset	U	X/FCC	U-X/FCC		missing_fit						
total_improved_subset	U	X/SC	U-X/SC		missing_fit						
total_improved_subset	V	X/BCC	V-X/BCC		missing_fit						
total_improved_subset	V	X/Diamond	V-X/Diamond		missing_fit						
total_improved_subset	V	X/FCC	V-X/FCC		missing_fit						
total_improved_subset	V	X/SC	V-X/SC		missing_fit						
total_improved_subset	W	X/BCC	W-X/BCC		missing_fit						
total_improved_subset	W	X/Diamond	W-X/Diamond		missing_fit						
total_improved_subset	W	X/FCC	W-X/FCC		missing_fit						
total_improved_subset	W	X/SC	W-X/SC		missing_fit						
total_improved_subset	Xe	X/BCC	Xe-X/BCC		missing_fit						
total_improved_subset	Xe	X/Diamond	Xe-X/Diamond		missing_fit						
total_improved_subset	Xe	X/FCC	Xe-X/FCC		missing_fit						
total_improved_subset	Xe	X/SC	Xe-X/SC		missing_fit						
total_improved_subset	Y	X/BCC	Y-X/BCC		missing_fit						
total_improved_subset	Y	X/Diamond	Y-X/Diamond		missing_fit						
total_improved_subset	Y	X/FCC	Y-X/FCC		missing_fit						
total_improved_subset	Y	X/SC	Y-X/SC		missing_fit						
total_improved_subset	Yb	X/BCC	Yb-X/BCC		missing_fit						
total_improved_subset	Yb	X/Diamond	Yb-X/Diamond		missing_fit						
total_improved_subset	Yb	X/FCC	Yb-X/FCC		missing_fit						
total_improved_subset	Yb	X/SC	Yb-X/SC		missing_fit						
total_improved_subset	Zn	X/BCC	Zn-X/BCC		missing_fit						
total_improved_subset	Zn	X/Diamond	Zn-X/Diamond		missing_fit						
total_improved_subset	Zn	X/FCC	Zn-X/FCC		missing_fit						
total_improved_subset	Zn	X/SC	Zn-X/SC		missing_fit						
total_improved_subset	Zr	X/BCC	Zr-X/BCC		missing_fit						
total_improved_subset	Zr	X/Diamond	Zr-X/Diamond		missing_fit						
total_improved_subset	Zr	X/FCC	Zr-X/FCC		missing_fit						
total_improved_subset	Zr	X/SC	Zr-X/SC		missing_fit						
